state,quarter,non_tesla_bev,tesla_bev,total_bev,tesla_share
CO,2010Q1,28.0,5.0,33.0,0.15151515151515152
CO,2010Q2,22.0,8.0,30.0,0.26666666666666666
CO,2010Q3,67.0,9.0,76.0,0.11842105263157894
CO,2010Q4,18.0,21.0,39.0,0.5384615384615384
CO,2011Q1,25.0,9.0,34.0,0.2647058823529412
CO,2011Q2,28.0,8.0,36.0,0.2222222222222222
CO,2011Q3,56.0,15.0,71.0,0.2112676056338028
CO,2011Q4,33.0,20.0,53.0,0.37735849056603776
CO,2012Q1,82.0,8.0,90.0,0.08888888888888889
CO,2012Q2,69.0,9.0,78.0,0.11538461538461539
CO,2012Q3,96.0,12.0,108.0,0.1111111111111111
CO,2012Q4,127.0,36.0,163.0,0.22085889570552147
CO,2013Q1,174.0,64.0,238.0,0.2689075630252101
CO,2013Q2,176.0,106.0,282.0,0.375886524822695
CO,2013Q3,244.0,125.0,369.0,0.33875338753387535
CO,2013Q4,233.0,102.0,335.0,0.3044776119402985
CO,2014Q1,281.0,103.0,384.0,0.2682291666666667
CO,2014Q2,335.0,141.0,476.0,0.296218487394958
CO,2014Q3,411.0,157.0,568.0,0.2764084507042254
CO,2014Q4,440.0,155.0,595.0,0.2605042016806723
CO,2015Q1,447.0,201.0,648.0,0.3101851851851852
CO,2015Q2,400.0,285.0,685.0,0.41605839416058393
CO,2015Q3,571.0,308.0,879.0,0.3503981797497156
CO,2015Q4,727.0,263.0,990.0,0.26565656565656565
CO,2016Q1,745.0,318.0,1063.0,0.2991533396048918
CO,2016Q2,619.0,410.0,1029.0,0.39844509232264336
CO,2016Q3,738.0,572.0,1310.0,0.4366412213740458
CO,2016Q4,996.0,506.0,1502.0,0.33688415446071907
CO,2017Q1,1111.0,573.0,1684.0,0.34026128266033256
CO,2017Q2,1167.0,580.0,1747.0,0.3319977103606182
CO,2017Q3,1532.0,656.0,2188.0,0.29981718464351004
CO,2017Q4,1374.0,752.0,2126.0,0.35371589840075257
CO,2018Q1,1323.0,895.0,2218.0,0.4035166816952209
CO,2018Q2,1468.0,980.0,2448.0,0.40032679738562094
CO,2018Q3,1306.0,882.0,2188.0,0.4031078610603291
CO,2018Q4,1658.0,2243.0,3901.0,0.5749807741604717
CO,2019Q1,4454.0,6811.0,11265.0,0.6046160674656014
CO,2019Q2,10172.0,11302.0,21474.0,0.5263108875849865
CO,2019Q3,17815.0,17779.0,35594.0,0.4994942967915941
CO,2019Q4,27418.0,35794.0,63212.0,0.5662532430551162
CO,2020Q1,26585.0,45198.0,71783.0,0.629647688171294
CO,2020Q2,22432.0,24957.0,47389.0,0.5266412036548566
CO,2020Q3,28859.0,37736.0,66595.0,0.5666491478339215
CO,2020Q4,32727.0,50277.0,83004.0,0.6057177967326876
CO,2021Q1,34133.0,59315.0,93448.0,0.6347380361270439
CO,2021Q2,34936.0,45818.0,80754.0,0.5673774673700374
CO,2021Q3,45540.0,58392.0,103932.0,0.5618288881191549
CO,2021Q4,47223.0,75737.0,122960.0,0.615948275862069
CO,2022Q1,54930.0,101061.0,155991.0,0.6478642998634536
CO,2022Q2,53933.0,69792.0,123725.0,0.5640897150939583
CO,2022Q3,69272.0,88322.0,157594.0,0.5604401182786146
CO,2022Q4,70108.0,93772.0,163880.0,0.5721991701244813
CO,2023Q1,82468.0,128884.0,211352.0,0.6098073356296605
CO,2023Q2,85718.0,98163.0,183881.0,0.5338398203185756
CO,2023Q3,116338.0,122146.0,238484.0,0.5121769175290586
CO,2023Q4,130567.0,137287.0,267854.0,0.5125441471846603
CO,2024Q1,165618.0,189526.0,355144.0,0.5336595859707611
CO,2024Q2,153649.0,127489.0,281138.0,0.45347480596717626
CO,2024Q3,200962.0,139080.0,340042.0,0.40900829897483254
CO,2024Q4,274751.0,177929.0,452680.0,0.39305690554033756
CO,2025Q1,284763.0,195848.0,480611.0,0.40749795572718894
CO,2025Q2,211881.0,132380.0,344261.0,0.38453382753201787
CO,2025Q3,197359.0,105140.0,302499.0,0.3475713969302378
CO,2025Q4,131147.0,71211.0,202358.0,0.3519060279306971
CT,2019Q4,16.0,38.0,54.0,0.7037037037037037
CT,2020Q1,401.0,1036.0,1437.0,0.720946416144746
CT,2020Q2,288.0,1077.0,1365.0,0.789010989010989
CT,2020Q3,812.0,2497.0,3309.0,0.7546086430945905
CT,2020Q4,841.0,5034.0,5875.0,0.8568510638297873
CT,2021Q1,1710.0,4309.0,6019.0,0.7158996511048347
CT,2021Q2,3278.0,5210.0,8488.0,0.6138077285579642
CT,2021Q3,3638.0,7483.0,11121.0,0.6728711446812337
CT,2021Q4,3142.0,8297.0,11439.0,0.7253256403531777
CT,2022Q1,3373.0,5680.0,9053.0,0.6274163260797526
CT,2022Q2,4437.0,6637.0,11074.0,0.5993317681054723
CT,2022Q3,4334.0,6283.0,10617.0,0.5917867570876896
CT,2022Q4,4778.0,8192.0,12970.0,0.6316114109483423
CT,2023Q1,5174.0,7739.0,12913.0,0.5993185162239604
CT,2023Q2,5855.0,8003.0,13858.0,0.5775003608024246
CT,2023Q3,6224.0,7892.0,14116.0,0.5590818928875035
CT,2023Q4,6892.0,8826.0,15718.0,0.5615218221147729
CT,2024Q1,4176.0,6503.0,10679.0,0.608952149077629
CT,2024Q2,6457.0,7394.0,13851.0,0.5338242726156956
CT,2024Q3,4289.0,4980.0,9269.0,0.5372747869241558
CT,2024Q4,4772.0,5200.0,9972.0,0.5214600882470919
CT,2025Q1,2139.0,2247.0,4386.0,0.512311901504788
CT,2025Q2,2399.0,2436.0,4835.0,0.5038262668045501
CT,2025Q3,3639.0,2944.0,6583.0,0.4472125170894729
CT,2025Q4,2489.0,2483.0,4972.0,0.499396621078037
ME,2011Q3,2.0,,,
ME,2014Q1,2.0,,,
ME,2014Q2,5.0,,,
ME,2014Q3,17.0,,,
ME,2014Q4,21.0,,,
ME,2015Q1,19.0,,,
ME,2015Q2,34.0,1.0,35.0,0.02857142857142857
ME,2015Q3,15.0,8.0,23.0,0.34782608695652173
ME,2015Q4,17.0,8.0,25.0,0.32
ME,2016Q1,26.0,13.0,39.0,0.3333333333333333
ME,2016Q2,48.0,22.0,70.0,0.3142857142857143
ME,2016Q3,66.0,14.0,80.0,0.175
ME,2016Q4,53.0,13.0,66.0,0.19696969696969696
ME,2017Q1,53.0,18.0,71.0,0.2535211267605634
ME,2017Q2,143.0,32.0,175.0,0.18285714285714286
ME,2017Q3,98.0,22.0,120.0,0.18333333333333332
ME,2017Q4,70.0,25.0,95.0,0.2631578947368421
ME,2018Q1,65.0,27.0,92.0,0.29347826086956524
ME,2018Q2,127.0,30.0,157.0,0.1910828025477707
ME,2018Q3,40.0,,,
ME,2018Q4,41.0,,,
ME,2019Q1,35.0,,,
ME,2019Q2,109.0,27.0,136.0,0.19852941176470587
ME,2019Q3,203.0,121.0,324.0,0.3734567901234568
ME,2019Q4,238.0,169.0,407.0,0.4152334152334152
ME,2020Q1,455.0,110.0,565.0,0.19469026548672566
ME,2020Q2,256.0,185.0,441.0,0.41950113378684806
ME,2020Q3,331.0,200.0,531.0,0.3766478342749529
ME,2020Q4,289.0,258.0,547.0,0.4716636197440585
ME,2021Q1,527.0,232.0,759.0,0.30566534914361
ME,2021Q2,1472.0,441.0,1913.0,0.2305279665446942
ME,2021Q3,1092.0,428.0,1520.0,0.28157894736842104
ME,2021Q4,857.0,765.0,1622.0,0.4716399506781751
ME,2022Q1,1757.0,968.0,2725.0,0.3552293577981651
ME,2022Q2,2268.0,1178.0,3446.0,0.3418456181079512
ME,2022Q3,2870.0,1451.0,4321.0,0.3358018977088637
ME,2022Q4,3016.0,1759.0,4775.0,0.36837696335078535
ME,2023Q1,3436.0,1714.0,5150.0,0.3328155339805825
ME,2023Q2,4227.0,2049.0,6276.0,0.3264818355640535
ME,2023Q3,4984.0,2659.0,7643.0,0.3479000392516028
ME,2023Q4,4893.0,2155.0,7048.0,0.3057604994324631
ME,2024Q1,5062.0,2167.0,7229.0,0.29976483607691246
ME,2024Q2,6985.0,2962.0,9947.0,0.29777822459032877
ME,2024Q3,6797.0,2943.0,9740.0,0.3021560574948665
ME,2024Q4,6941.0,2759.0,9700.0,0.28443298969072167
ME,2025Q1,6461.0,2314.0,8775.0,0.2637037037037037
ME,2025Q2,6510.0,2379.0,8889.0,0.26763415457306783
ME,2025Q3,4828.0,1885.0,6713.0,0.2807984507671682
ME,2025Q4,1961.0,719.0,2680.0,0.2682835820895522
MN,2008Q3,48.0,,,
MN,2009Q2,18.0,,,
MN,2011Q2,42.0,,,
MN,2011Q3,44.0,,,
MN,2012Q2,66.0,,,
MN,2012Q4,64.0,,,
MN,2013Q1,21.0,,,
MN,2013Q2,86.0,,,
MN,2013Q3,120.0,,,
MN,2013Q4,79.0,,,
MN,2014Q1,23.0,4.0,27.0,0.14814814814814814
MN,2014Q2,193.0,31.0,224.0,0.13839285714285715
MN,2014Q3,79.0,,,
MN,2014Q4,69.0,,,
MN,2015Q1,106.0,42.0,148.0,0.28378378378378377
MN,2015Q2,192.0,,,
MN,2015Q3,273.0,,,
MN,2015Q4,130.0,63.0,193.0,0.32642487046632124
MN,2016Q1,169.0,21.0,190.0,0.11052631578947368
MN,2016Q2,151.0,59.0,210.0,0.28095238095238095
MN,2016Q3,290.0,49.0,339.0,0.14454277286135694
MN,2016Q4,130.0,7.0,137.0,0.051094890510948905
MN,2017Q1,130.0,22.0,152.0,0.14473684210526316
MN,2017Q2,88.0,10.0,98.0,0.10204081632653061
MN,2017Q3,432.0,50.0,482.0,0.1037344398340249
MN,2017Q4,146.0,52.0,198.0,0.26262626262626265
MN,2018Q1,259.0,101.0,360.0,0.28055555555555556
MN,2018Q2,1951.0,1679.0,3630.0,0.462534435261708
MN,2018Q3,870.0,782.0,1652.0,0.47336561743341404
MN,2018Q4,788.0,1314.0,2102.0,0.6251189343482397
MN,2019Q1,718.0,976.0,1694.0,0.5761511216056671
MN,2019Q2,541.0,188.0,729.0,0.2578875171467764
MN,2019Q3,170.0,220.0,390.0,0.5641025641025641
MN,2019Q4,350.0,255.0,605.0,0.4214876033057851
MN,2020Q1,341.0,296.0,637.0,0.46467817896389324
MN,2020Q2,789.0,441.0,1230.0,0.35853658536585364
MN,2020Q3,1303.0,2384.0,3687.0,0.6465961486303228
MN,2020Q4,1353.0,2757.0,4110.0,0.6708029197080292
MN,2021Q1,3266.0,4459.0,7725.0,0.5772168284789644
MN,2021Q2,5333.0,8618.0,13951.0,0.6177334958067522
MN,2021Q3,6951.0,13338.0,20289.0,0.6574005618808221
MN,2021Q4,6711.0,13290.0,20001.0,0.6644667766611669
MN,2022Q1,9225.0,11613.0,20838.0,0.5572991649870429
MN,2022Q2,9155.0,14588.0,23743.0,0.6144126689971782
MN,2022Q3,9196.0,15225.0,24421.0,0.6234388436181975
MN,2022Q4,10416.0,16382.0,26798.0,0.6113142771848645
MN,2023Q1,15202.0,18805.0,34007.0,0.552974387626077
MN,2023Q2,19442.0,24924.0,44366.0,0.5617815444259118
MN,2023Q3,19788.0,25371.0,45159.0,0.5618149206138311
MN,2023Q4,23630.0,26502.0,50132.0,0.5286443788398628
MN,2024Q1,28880.0,26760.0,55640.0,0.4809489575844716
MN,2024Q2,25263.0,29734.0,54997.0,0.5406476716911831
MN,2024Q3,26970.0,27835.0,54805.0,0.507891615728492
MN,2024Q4,20202.0,20275.0,40477.0,0.5009017466709489
MN,2025Q1,26368.0,21855.0,48223.0,0.45320697592435144
MN,2025Q2,23198.0,23433.0,46631.0,0.5025197829769895
MN,2025Q3,21098.0,17519.0,38617.0,0.453660305047
MN,2025Q4,9263.0,7884.0,17147.0,0.459788884352948
MT,2003Q1,1.0,,,
MT,2004Q1,4.0,,,
MT,2004Q3,10.0,,,
MT,2004Q4,1.0,,,
MT,2005Q1,1.0,,,
MT,2005Q4,4.0,,,
MT,2007Q2,1.0,,,
MT,2008Q3,4.0,,,
MT,2008Q4,6.0,,,
MT,2009Q2,6.0,,,
MT,2009Q3,12.0,,,
MT,2009Q4,1.0,,,
MT,2010Q1,3.0,,,
MT,2010Q2,20.0,,,
MT,2010Q3,1.0,,,
MT,2010Q4,1.0,,,
MT,2011Q2,6.0,1.0,7.0,0.14285714285714285
MT,2011Q3,,1.0,,
MT,2011Q4,1.0,1.0,2.0,0.5
MT,2012Q1,10.0,,,
MT,2012Q3,7.0,,,
MT,2012Q4,7.0,,,
MT,2013Q1,,2.0,,
MT,2013Q2,13.0,2.0,15.0,0.13333333333333333
MT,2013Q3,7.0,,,
MT,2013Q4,,2.0,,
MT,2014Q1,,1.0,,
MT,2014Q2,6.0,4.0,10.0,0.4
MT,2014Q3,6.0,2.0,8.0,0.25
MT,2014Q4,14.0,4.0,18.0,0.2222222222222222
MT,2015Q1,18.0,2.0,20.0,0.1
MT,2015Q2,,3.0,,
MT,2015Q3,7.0,3.0,10.0,0.3
MT,2015Q4,,2.0,,
MT,2016Q1,18.0,4.0,22.0,0.18181818181818182
MT,2016Q2,18.0,3.0,21.0,0.14285714285714285
MT,2016Q3,9.0,1.0,10.0,0.1
MT,2016Q4,7.0,6.0,13.0,0.46153846153846156
MT,2017Q1,17.0,15.0,32.0,0.46875
MT,2017Q2,8.0,11.0,19.0,0.5789473684210527
MT,2017Q3,6.0,15.0,21.0,0.7142857142857143
MT,2017Q4,16.0,20.0,36.0,0.5555555555555556
MT,2018Q1,16.0,94.0,110.0,0.8545454545454545
MT,2018Q2,68.0,155.0,223.0,0.695067264573991
MT,2018Q3,63.0,150.0,213.0,0.704225352112676
MT,2018Q4,44.0,256.0,300.0,0.8533333333333334
MT,2019Q1,24.0,97.0,121.0,0.8016528925619835
MT,2019Q2,16.0,8.0,24.0,0.3333333333333333
MT,2019Q3,36.0,22.0,58.0,0.3793103448275862
MT,2019Q4,15.0,81.0,96.0,0.84375
MT,2020Q1,37.0,127.0,164.0,0.774390243902439
MT,2020Q2,44.0,134.0,178.0,0.7528089887640449
MT,2020Q3,89.0,219.0,308.0,0.711038961038961
MT,2020Q4,69.0,249.0,318.0,0.7830188679245284
MT,2021Q1,87.0,173.0,260.0,0.6653846153846154
MT,2021Q2,117.0,240.0,357.0,0.6722689075630253
MT,2021Q3,177.0,390.0,567.0,0.6878306878306878
MT,2021Q4,160.0,655.0,815.0,0.803680981595092
MT,2022Q1,141.0,440.0,581.0,0.7573149741824441
MT,2022Q2,204.0,353.0,557.0,0.6337522441651705
MT,2022Q3,316.0,522.0,838.0,0.6229116945107399
MT,2022Q4,262.0,486.0,748.0,0.6497326203208557
MT,2023Q1,307.0,449.0,756.0,0.593915343915344
MT,2023Q2,352.0,441.0,793.0,0.5561160151324086
MT,2023Q3,448.0,579.0,1027.0,0.563777994157741
MT,2023Q4,478.0,613.0,1091.0,0.5618698441796517
MT,2024Q1,40.0,18.0,58.0,0.3103448275862069
MT,2024Q2,552.0,503.0,1055.0,0.4767772511848341
MT,2024Q3,693.0,745.0,1438.0,0.5180806675938804
MT,2024Q4,716.0,812.0,1528.0,0.5314136125654451
MT,2025Q1,1337.0,1245.0,2582.0,0.4821843532145624
MT,2025Q2,989.0,870.0,1859.0,0.4679935449166218
MT,2025Q3,901.0,946.0,1847.0,0.5121819166215484
MT,2025Q4,958.0,855.0,1813.0,0.47159404302261443
NC,2002Q1,2.0,,,
NC,2006Q1,2.0,,,
NC,2007Q2,2.0,,,
NC,2007Q3,10.0,,,
NC,2008Q1,6.0,,,
NC,2008Q2,12.0,,,
NC,2008Q3,8.0,,,
NC,2008Q4,8.0,,,
NC,2009Q2,2.0,,,
NC,2009Q3,4.0,,,
NC,2009Q4,2.0,,,
NC,2010Q3,23.0,,,
NC,2011Q1,1.0,,,
NC,2011Q2,4.0,,,
NC,2012Q1,1.0,,,
NC,2012Q2,8.0,,,
NC,2012Q3,12.0,,,
NC,2012Q4,122.0,2.0,124.0,0.016129032258064516
NC,2013Q1,35.0,1.0,36.0,0.027777777777777776
NC,2013Q2,30.0,2.0,32.0,0.0625
NC,2013Q3,8.0,,,
NC,2013Q4,3.0,,,
NC,2014Q1,3.0,,,
NC,2014Q2,20.0,,,
NC,2014Q3,,1.0,,
NC,2014Q4,22.0,,,
NC,2015Q1,13.0,,,
NC,2015Q3,13.0,,,
NC,2015Q4,16.0,,,
NC,2016Q1,6.0,1.0,7.0,0.14285714285714285
NC,2016Q2,45.0,,,
NC,2016Q3,37.0,,,
NC,2016Q4,27.0,,,
NC,2017Q1,4.0,1.0,5.0,0.2
NC,2017Q2,26.0,1.0,27.0,0.037037037037037035
NC,2017Q3,16.0,,,
NC,2017Q4,5.0,,,
NC,2018Q1,12.0,,,
NC,2018Q2,37.0,,,
NC,2018Q4,24.0,,,
NC,2019Q1,38.0,,,
NC,2019Q2,35.0,,,
NC,2019Q3,15.0,,,
NC,2019Q4,12.0,,,
NC,2020Q1,104.0,,,
NC,2020Q2,108.0,174.0,282.0,0.6170212765957447
NC,2020Q3,978.0,2523.0,3501.0,0.7206512425021423
NC,2020Q4,1237.0,3439.0,4676.0,0.7354576561163387
NC,2021Q1,1279.0,3550.0,4829.0,0.735141851314972
NC,2021Q2,1841.0,4057.0,5898.0,0.6878602916242794
NC,2021Q3,22.0,6.0,28.0,0.21428571428571427
NC,2021Q4,39.0,49.0,88.0,0.5568181818181818
NC,2022Q1,1323.0,2871.0,4194.0,0.6845493562231759
NC,2022Q2,2696.0,5115.0,7811.0,0.654845730380233
NC,2022Q3,3637.0,7666.0,11303.0,0.6782270193753871
NC,2022Q4,6170.0,13996.0,20166.0,0.6940394723792522
NC,2023Q1,5569.0,13267.0,18836.0,0.7043427479294967
NC,2023Q2,9635.0,16286.0,25921.0,0.6282936615099726
NC,2023Q3,12197.0,21171.0,33368.0,0.6344701510429154
NC,2023Q4,5865.0,9992.0,15857.0,0.6301318029892161
NC,2024Q1,7557.0,12379.0,19936.0,0.6209369983948636
NC,2024Q3,26.0,,,
NJ,2017Q2,1218.0,2452.0,3670.0,0.6681198910081744
NJ,2017Q4,1705.0,4699.0,6404.0,0.7337601499063086
NJ,2018Q2,1957.0,5848.0,7805.0,0.7492632927610506
NJ,2018Q4,2201.0,9615.0,11816.0,0.8137271496276236
NJ,2019Q2,2572.0,12619.0,15191.0,0.8306892238825621
NJ,2019Q4,3201.0,15380.0,18581.0,0.8277272482643561
NJ,2020Q2,3665.0,17833.0,21498.0,0.8295190250255837
NJ,2020Q4,4732.0,23932.0,28664.0,0.8349148758024002
NJ,2021Q2,6574.0,27976.0,34550.0,0.80972503617945
NJ,2021Q4,9895.0,36445.0,46340.0,0.7864695727233492
NJ,2022Q2,14194.0,44544.0,58738.0,0.7583506418332255
NJ,2022Q4,18445.0,49939.0,68384.0,0.7302731633130557
NJ,2023Q2,26421.0,68700.0,95121.0,0.7222379916106854
NJ,2023Q4,35988.0,82631.0,118619.0,0.6966084691322638
NJ,2024Q2,46178.0,94784.0,140962.0,0.6724081667399725
NJ,2024Q4,60519.0,107959.0,168478.0,0.6407898954166122
NJ,2025Q3,72479.0,117005.0,189484.0,0.6174927698380865
NJ,2025Q4,44437.0,123747.0,168184.0,0.7357834276744518
NM,2010Q2,162.0,,,
NM,2010Q3,108.0,,,
NM,2011Q1,27.0,,,
NM,2011Q3,48.0,,,
NM,2011Q4,54.0,,,
NM,2012Q2,54.0,,,
NM,2012Q3,375.0,,,
NM,2013Q1,4.0,,,
NM,2013Q2,27.0,,,
NM,2013Q4,28.0,,,
NM,2014Q1,4.0,27.0,31.0,0.8709677419354839
NM,2014Q2,54.0,,,
NM,2014Q3,27.0,4.0,31.0,0.12903225806451613
NM,2014Q4,47.0,54.0,101.0,0.5346534653465347
NM,2015Q1,162.0,121.0,283.0,0.4275618374558304
NM,2015Q2,94.0,122.0,216.0,0.5648148148148148
NM,2015Q3,141.0,139.0,280.0,0.49642857142857144
NM,2015Q4,451.0,121.0,572.0,0.21153846153846154
NM,2016Q1,310.0,215.0,525.0,0.4095238095238095
NM,2016Q2,600.0,189.0,789.0,0.23954372623574144
NM,2016Q3,403.0,339.0,742.0,0.4568733153638814
NM,2016Q4,193.0,169.0,362.0,0.46685082872928174
NM,2017Q1,384.0,186.0,570.0,0.3263157894736842
NM,2017Q2,373.0,340.0,713.0,0.47685834502103785
NM,2017Q3,388.0,207.0,595.0,0.34789915966386553
NM,2017Q4,972.0,247.0,1219.0,0.2026251025430681
NM,2018Q1,804.0,201.0,1005.0,0.2
NM,2018Q2,879.0,509.0,1388.0,0.36671469740634005
NM,2018Q3,569.0,1325.0,1894.0,0.6995776135163675
NM,2018Q4,873.0,2764.0,3637.0,0.7599670057739896
NM,2019Q1,954.0,1214.0,2168.0,0.5599630996309963
NM,2019Q2,702.0,1614.0,2316.0,0.6968911917098446
NM,2019Q3,853.0,1483.0,2336.0,0.634845890410959
NM,2019Q4,1498.0,1308.0,2806.0,0.466143977191732
NM,2020Q1,1031.0,1380.0,2411.0,0.5723766072169224
NM,2020Q2,1347.0,796.0,2143.0,0.37144190387307513
NM,2020Q3,1241.0,1811.0,3052.0,0.5933813892529489
NM,2020Q4,891.0,2175.0,3066.0,0.7093933463796478
NM,2021Q1,1542.0,3465.0,5007.0,0.6920311563810665
NM,2021Q2,3033.0,2603.0,5636.0,0.4618523775727466
NM,2021Q3,2548.0,3669.0,6217.0,0.5901560238056941
NM,2021Q4,2993.0,5726.0,8719.0,0.6567266888404634
NM,2022Q1,3538.0,6156.0,9694.0,0.635031978543429
NM,2022Q2,5705.0,6282.0,11987.0,0.5240677400517227
NM,2022Q3,6815.0,6903.0,13718.0,0.503207464644992
NM,2022Q4,7236.0,7651.0,14887.0,0.5139383354604689
NM,2023Q1,10081.0,8879.0,18960.0,0.46830168776371306
NM,2023Q2,9476.0,9761.0,19237.0,0.5074075999376202
NM,2023Q3,14049.0,12502.0,26551.0,0.4708673872923807
NM,2023Q4,13647.0,11102.0,24749.0,0.4485837811628753
NM,2024Q1,11228.0,9582.0,20810.0,0.4604517059106199
NM,2024Q2,10896.0,9245.0,20141.0,0.45901395164093145
NM,2024Q3,12094.0,13774.0,25868.0,0.5324725529611876
NM,2024Q4,11093.0,6911.0,18004.0,0.38385914241279717
NM,2025Q1,11730.0,8502.0,20232.0,0.42022538552787664
NM,2025Q2,8262.0,6482.0,14744.0,0.43963646228974496
NM,2025Q3,7732.0,6657.0,14389.0,0.46264507609979844
NM,2025Q4,3561.0,2426.0,5987.0,0.40521129113078336
NY,2011Q1,1907.0,37.0,1944.0,0.01903292181069959
NY,2012Q1,1910.0,43.0,1953.0,0.022017409114183307
NY,2013Q1,2195.0,113.0,2308.0,0.048960138648180246
NY,2014Q1,2518.0,748.0,3266.0,0.2290263319044703
NY,2014Q2,723.0,,,
NY,2014Q3,6528.0,,,
NY,2014Q4,3444.0,,,
NY,2015Q1,3401.0,1284.0,4685.0,0.2740661686232657
NY,2015Q2,1597.0,11.0,1608.0,0.006840796019900498
NY,2015Q3,2739.0,263.0,3002.0,0.08760826115922718
NY,2015Q4,1465.0,840.0,2305.0,0.3644251626898048
NY,2016Q1,3510.0,3678.0,7188.0,0.511686143572621
NY,2016Q2,8226.0,3062.0,11288.0,0.2712615166548547
NY,2016Q3,4337.0,6084.0,10421.0,0.5838211304097496
NY,2016Q4,6077.0,6861.0,12938.0,0.5302983459576441
NY,2017Q1,4604.0,10451.0,15055.0,0.6941879774161408
NY,2017Q2,20202.0,14471.0,34673.0,0.4173564444957171
NY,2017Q3,21601.0,14754.0,36355.0,0.40583138495392657
NY,2017Q4,13978.0,13914.0,27892.0,0.4988527176251255
NY,2018Q1,13137.0,17628.0,30765.0,0.5729887859580692
NY,2018Q2,19924.0,26288.0,46212.0,0.5688565740500303
NY,2018Q3,17269.0,42344.0,59613.0,0.7103148642074715
NY,2018Q4,18310.0,64000.0,82310.0,0.7775482930385129
NY,2019Q1,17212.0,36818.0,54030.0,0.6814362391264113
NY,2019Q2,22702.0,53822.0,76524.0,0.7033349014688203
NY,2019Q3,30116.0,51489.0,81605.0,0.6309539856626433
NY,2019Q4,28178.0,53983.0,82161.0,0.6570392278574994
NY,2020Q1,16947.0,44714.0,61661.0,0.7251585280809588
NY,2020Q2,15296.0,57271.0,72567.0,0.7892154836220321
NY,2020Q3,27345.0,116099.0,143444.0,0.8093681157803743
NY,2020Q4,30235.0,115925.0,146160.0,0.7931376573617953
NY,2021Q1,35814.0,103333.0,139147.0,0.7426175196015724
NY,2021Q2,62654.0,119983.0,182637.0,0.6569479349748408
NY,2021Q3,61369.0,130443.0,191812.0,0.6800565136696348
NY,2021Q4,49561.0,120124.0,169685.0,0.7079235053186788
NY,2022Q1,50749.0,115174.0,165923.0,0.6941412582945101
NY,2022Q2,79285.0,150751.0,230036.0,0.655336556017319
NY,2022Q3,104153.0,192296.0,296449.0,0.6486646944331066
NY,2022Q4,99763.0,201826.0,301589.0,0.6692087576138387
NY,2023Q1,111140.0,185375.0,296515.0,0.6251791646291082
NY,2023Q2,160481.0,234480.0,394961.0,0.593678869559273
NY,2023Q3,175632.0,238105.0,413737.0,0.5754984446641224
NY,2023Q4,170087.0,268249.0,438336.0,0.6119711819243685
NY,2024Q1,145110.0,203315.0,348425.0,0.5835258663987946
NY,2024Q2,237630.0,281461.0,519091.0,0.542218994357444
NY,2024Q3,265679.0,259020.0,524699.0,0.49365445712684797
NY,2024Q4,238248.0,284983.0,523231.0,0.5446600067656542
NY,2025Q1,184239.0,177987.0,362226.0,0.4913700286561429
NY,2025Q2,163724.0,151720.0,315444.0,0.48097285096562303
NY,2025Q3,178161.0,129266.0,307427.0,0.42047705634183075
NY,2025Q4,70558.0,75703.0,146261.0,0.5175884206999816
OR,1999Q3,1.0,,,
OR,2002Q3,2.0,,,
OR,2002Q4,1.0,,,
OR,2003Q1,1.0,,,
OR,2003Q3,1.0,,,
OR,2003Q4,1.0,,,
OR,2004Q1,1.0,,,
OR,2004Q2,3.0,,,
OR,2004Q4,3.0,,,
OR,2006Q1,2.0,,,
OR,2006Q2,4.0,,,
OR,2006Q3,1.0,,,
OR,2006Q4,1.0,,,
OR,2007Q1,1.0,,,
OR,2007Q4,1.0,,,
OR,2008Q1,2.0,,,
OR,2008Q3,4.0,,,
OR,2008Q4,2.0,,,
OR,2009Q1,3.0,,,
OR,2009Q2,3.0,,,
OR,2009Q3,7.0,,,
OR,2009Q4,2.0,,,
OR,2010Q1,6.0,,,
OR,2010Q2,18.0,,,
OR,2010Q3,14.0,,,
OR,2010Q4,6.0,,,
OR,2011Q1,9.0,,,
OR,2011Q2,18.0,,,
OR,2011Q3,43.0,,,
OR,2011Q4,41.0,,,
OR,2012Q1,9.0,,,
OR,2012Q2,18.0,,,
OR,2012Q3,33.0,,,
OR,2012Q4,38.0,3.0,41.0,0.07317073170731707
OR,2013Q1,21.0,,,
OR,2013Q2,21.0,12.0,33.0,0.36363636363636365
OR,2013Q3,66.0,,,
OR,2013Q4,53.0,9.0,62.0,0.14516129032258066
OR,2014Q1,74.0,5.0,79.0,0.06329113924050633
OR,2014Q2,64.0,3.0,67.0,0.04477611940298507
OR,2014Q3,129.0,9.0,138.0,0.06521739130434782
OR,2014Q4,142.0,11.0,153.0,0.0718954248366013
OR,2015Q1,150.0,6.0,156.0,0.038461538461538464
OR,2015Q2,261.0,18.0,279.0,0.06451612903225806
OR,2015Q3,256.0,12.0,268.0,0.04477611940298507
OR,2015Q4,140.0,10.0,150.0,0.06666666666666667
OR,2016Q1,222.0,9.0,231.0,0.03896103896103896
OR,2016Q2,187.0,14.0,201.0,0.06965174129353234
OR,2016Q3,221.0,12.0,233.0,0.05150214592274678
OR,2016Q4,165.0,33.0,198.0,0.16666666666666666
OR,2017Q1,154.0,36.0,190.0,0.18947368421052632
OR,2017Q2,192.0,32.0,224.0,0.14285714285714285
OR,2017Q3,242.0,32.0,274.0,0.11678832116788321
OR,2017Q4,243.0,12.0,255.0,0.047058823529411764
OR,2018Q1,336.0,50.0,386.0,0.12953367875647667
OR,2018Q2,164.0,56.0,220.0,0.2545454545454545
OR,2018Q3,200.0,54.0,254.0,0.2125984251968504
OR,2018Q4,216.0,182.0,398.0,0.457286432160804
OR,2019Q1,262.0,529.0,791.0,0.6687737041719343
OR,2019Q2,469.0,382.0,851.0,0.4488836662749706
OR,2019Q3,476.0,700.0,1176.0,0.5952380952380952
OR,2019Q4,764.0,595.0,1359.0,0.43782192788815305
OR,2020Q1,823.0,1271.0,2094.0,0.6069723018147087
OR,2020Q2,335.0,452.0,787.0,0.5743329097839899
OR,2020Q3,548.0,1212.0,1760.0,0.6886363636363636
OR,2020Q4,1057.0,1758.0,2815.0,0.6245115452930728
OR,2021Q1,2094.0,2404.0,4498.0,0.5344597598932859
OR,2021Q2,2846.0,2324.0,5170.0,0.4495164410058027
OR,2021Q3,4030.0,3184.0,7214.0,0.44136401441641254
OR,2021Q4,4005.0,4822.0,8827.0,0.546278463804237
OR,2022Q1,4753.0,4376.0,9129.0,0.4793515171431701
OR,2022Q2,5569.0,4766.0,10335.0,0.461151427189163
OR,2022Q3,7863.0,8092.0,15955.0,0.507176433719837
OR,2022Q4,6495.0,6308.0,12803.0,0.49269702413496835
OR,2023Q1,6666.0,5572.0,12238.0,0.4553031541101487
OR,2023Q2,7023.0,6201.0,13224.0,0.46892014519056263
OR,2023Q3,8404.0,6615.0,15019.0,0.44044210666489114
OR,2023Q4,4024.0,2923.0,6947.0,0.4207571613646178
OR,2024Q1,4326.0,3330.0,7656.0,0.43495297805642635
OR,2024Q2,5754.0,4122.0,9876.0,0.41737545565006073
OR,2024Q3,5969.0,5444.0,11413.0,0.4769999123806186
OR,2024Q4,5827.0,4406.0,10233.0,0.4305677709371641
OR,2025Q1,2666.0,1878.0,4544.0,0.41329225352112675
TN,2019Q1,1810.0,2332.0,4142.0,0.5630130371801062
TN,2019Q2,1662.0,2523.0,4185.0,0.6028673835125448
TN,2019Q3,1958.0,3553.0,5511.0,0.6447105788423154
TN,2019Q4,2023.0,3852.0,5875.0,0.6556595744680851
TN,2020Q1,1726.0,3220.0,4946.0,0.6510311362717347
TN,2020Q2,1873.0,3779.0,5652.0,0.6686128803963199
TN,2020Q3,1983.0,4096.0,6079.0,0.6737950320776444
TN,2020Q4,2349.0,4572.0,6921.0,0.6605981794538361
TN,2021Q1,2546.0,5239.0,7785.0,0.6729608220937701
TN,2021Q2,2967.0,6064.0,9031.0,0.6714649540471709
TN,2021Q3,3220.0,6732.0,9952.0,0.6764469453376206
TN,2021Q4,3403.0,7888.0,11291.0,0.6986095120007085
TN,2022Q1,3666.0,8881.0,12547.0,0.7078186020562685
TN,2022Q2,4163.0,9866.0,14029.0,0.7032575379570889
TN,2022Q3,4881.0,10678.0,15559.0,0.6862908927308953
TN,2022Q4,5607.0,11591.0,17198.0,0.6739737178741714
TN,2023Q1,6635.0,13779.0,20414.0,0.6749779563044969
TN,2023Q2,7517.0,15093.0,22610.0,0.6675364882795224
TN,2023Q3,8996.0,16352.0,25348.0,0.64510020514439
TN,2023Q4,10131.0,17096.0,27227.0,0.6279061225988908
TN,2024Q1,11281.0,18672.0,29953.0,0.6233766233766234
TN,2024Q2,12611.0,19549.0,32160.0,0.6078669154228856
TN,2024Q3,13935.0,21069.0,35004.0,0.6019026396983201
TN,2025Q1,15859.0,23726.0,39585.0,0.5993684476443097
TN,2025Q2,17242.0,25723.0,42965.0,0.5986966135226347
TN,2025Q3,38349.0,57732.0,96081.0,0.6008680176101414
TX,2017Q3,545.0,678.0,1223.0,0.5543744889615699
TX,2017Q4,583.0,1018.0,1601.0,0.6358525921299188
TX,2018Q1,568.0,1052.0,1620.0,0.6493827160493827
TX,2018Q2,690.0,1662.0,2352.0,0.7066326530612245
TX,2018Q3,1229.0,3839.0,5068.0,0.7574980268350434
TX,2018Q4,1126.0,4875.0,6001.0,0.8123646058990168
TX,2019Q1,635.0,3283.0,3918.0,0.8379275140377743
TX,2019Q2,823.0,3431.0,4254.0,0.806535025858016
TX,2019Q3,2205.0,6517.0,8722.0,0.7471910112359551
TX,2019Q4,2603.0,10126.0,12729.0,0.7955063241417236
TX,2020Q1,1625.0,7503.0,9128.0,0.8219763365468887
TX,2020Q2,1205.0,4622.0,5827.0,0.7932040501115497
TX,2020Q3,2827.0,9949.0,12776.0,0.7787257357545397
TX,2020Q4,3553.0,14236.0,17789.0,0.8002698296700208
TX,2021Q1,2455.0,11202.0,13657.0,0.820238705425789
TX,2021Q2,4098.0,12303.0,16401.0,0.7501371867569051
TX,2021Q3,6843.0,18590.0,25433.0,0.7309401171706051
TX,2021Q4,5694.0,25152.0,30846.0,0.8154055631200156
TX,2022Q1,6408.0,21269.0,27677.0,0.7684720164757741
TX,2022Q2,15811.0,33999.0,49810.0,0.6825737803653885
TX,2022Q3,33727.0,79615.0,113342.0,0.7024315787616241
TX,2022Q4,55639.0,129940.0,185579.0,0.7001869823633062
TX,2023Q1,92745.0,232696.0,325441.0,0.7150174686041403
TX,2023Q2,149808.0,308499.0,458307.0,0.6731274015016135
TX,2023Q3,217046.0,428700.0,645746.0,0.6638833225447777
TX,2023Q4,220864.0,440592.0,661456.0,0.6660941922062843
TX,2024Q1,221390.0,528276.0,749666.0,0.7046818183030843
TX,2024Q2,267493.0,540134.0,807627.0,0.6687914098959049
TX,2024Q3,299518.0,631725.0,931243.0,0.6783675152457522
TX,2024Q4,291595.0,555378.0,846973.0,0.6557210206228534
TX,2025Q1,310839.0,662018.0,972857.0,0.6804884993375182
TX,2025Q2,268699.0,550125.0,818824.0,0.6718476742254745
TX,2025Q3,224542.0,438843.0,663385.0,0.6615208363167693
TX,2025Q4,117972.0,249817.0,367789.0,0.6792399990211779
VA,2003Q3,5.0,,,
VA,2004Q3,6.0,,,
VA,2005Q2,6.0,,,
VA,2006Q1,18.0,,,
VA,2006Q3,18.0,,,
VA,2006Q4,6.0,,,
VA,2007Q1,6.0,,,
VA,2007Q3,1.0,,,
VA,2009Q1,22.0,,,
VA,2009Q3,12.0,,,
VA,2010Q1,8.0,,,
VA,2010Q3,16.0,,,
VA,2011Q1,6.0,,,
VA,2011Q2,11.0,,,
VA,2012Q1,24.0,,,
VA,2012Q2,24.0,,,
VA,2013Q2,14.0,,,
VA,2013Q3,1.0,,,
VA,2013Q4,48.0,,,
VA,2014Q1,32.0,,,
VA,2014Q2,,1.0,,
VA,2014Q3,2.0,,,
VA,2014Q4,13.0,3.0,16.0,0.1875
VA,2015Q1,6.0,23.0,29.0,0.7931034482758621
VA,2015Q2,10.0,24.0,34.0,0.7058823529411765
VA,2015Q3,29.0,17.0,46.0,0.3695652173913043
VA,2015Q4,31.0,31.0,62.0,0.5
VA,2016Q1,86.0,64.0,150.0,0.4266666666666667
VA,2016Q2,101.0,126.0,227.0,0.5550660792951542
VA,2016Q3,122.0,141.0,263.0,0.5361216730038023
VA,2016Q4,183.0,263.0,446.0,0.5896860986547086
VA,2017Q1,375.0,609.0,984.0,0.6189024390243902
VA,2017Q2,497.0,729.0,1226.0,0.5946166394779772
VA,2017Q3,592.0,904.0,1496.0,0.6042780748663101
VA,2017Q4,711.0,1024.0,1735.0,0.5902017291066283
VA,2018Q1,537.0,886.0,1423.0,0.6226282501756851
VA,2018Q2,632.0,1210.0,1842.0,0.6568946796959826
VA,2018Q3,906.0,2078.0,2984.0,0.6963806970509383
VA,2018Q4,841.0,3212.0,4053.0,0.7924993831729583
VA,2019Q1,586.0,1650.0,2236.0,0.7379248658318426
VA,2019Q2,830.0,2913.0,3743.0,0.7782527384450976
VA,2019Q3,1057.0,4806.0,5863.0,0.8197168684973563
VA,2019Q4,1145.0,5393.0,6538.0,0.8248699908228816
VA,2020Q1,846.0,3102.0,3948.0,0.7857142857142857
VA,2020Q2,771.0,3519.0,4290.0,0.8202797202797203
VA,2020Q3,1272.0,5362.0,6634.0,0.8082604763340367
VA,2020Q4,1408.0,5820.0,7228.0,0.805201992252352
VA,2021Q1,1277.0,4210.0,5487.0,0.7672680882084928
VA,2021Q2,2114.0,5052.0,7166.0,0.7049958135640525
VA,2021Q3,2252.0,7550.0,9802.0,0.7702509691899613
VA,2021Q4,2431.0,7787.0,10218.0,0.7620865139949109
VA,2022Q1,2330.0,6369.0,8699.0,0.7321531210483964
VA,2022Q2,3315.0,7522.0,10837.0,0.6941035341884285
VA,2022Q3,4399.0,11669.0,16068.0,0.7262260393328355
VA,2022Q4,4807.0,12925.0,17732.0,0.7289081885856079
VA,2023Q1,4583.0,9856.0,14439.0,0.682595747627952
VA,2023Q2,6200.0,11925.0,18125.0,0.6579310344827586
VA,2023Q3,7336.0,14061.0,21397.0,0.6571481983455625
VA,2023Q4,8375.0,14360.0,22735.0,0.6316252474158786
VA,2024Q1,4802.0,9687.0,14489.0,0.6685761612257575
VA,2024Q2,6595.0,11935.0,18530.0,0.6440906637884511
VA,2024Q3,8116.0,13795.0,21911.0,0.6295924421523436
VA,2024Q4,8193.0,13866.0,22059.0,0.6285869713042296
VA,2025Q1,51.0,88.0,139.0,0.6330935251798561
VA,2025Q2,14.0,,,
VT,2020Q1,1136.0,497.0,1633.0,0.30434782608695654
VT,2020Q4,1418.0,693.0,2111.0,0.3282804358124112
VT,2021Q2,1747.0,842.0,2589.0,0.3252220934723832
VT,2022Q1,2274.0,1126.0,3400.0,0.3311764705882353
VT,2023Q1,6945.0,3043.0,9988.0,0.30466559871846216
VT,2023Q2,3918.0,1651.0,5569.0,0.2964625606033399
VT,2023Q4,4390.0,1792.0,6182.0,0.2898738272403753
VT,2024Q2,5972.0,2150.0,8122.0,0.26471312484609705
VT,2024Q3,6546.0,2292.0,8838.0,0.2593346911065852
VT,2024Q4,7408.0,2497.0,9905.0,0.25209490156486625
VT,2025Q1,8107.0,2640.0,10747.0,0.24564994882292732
VT,2025Q2,8648.0,2700.0,11348.0,0.23792738808600636
VT,2025Q3,9073.0,2718.0,11791.0,0.23051479942328895
VT,2025Q4,9685.0,2806.0,12491.0,0.2246417420542791
