state,quarter,non_tesla_bev,tesla_bev,total_bev,tesla_share,tesla_search,byd_search,nio_search,rivian_search,lucid_search,cumulative_chargers,post_ira,post_tariff,quarter_str,gas_price_national
CO,2020Q1,26585.0,45198.0,71783.0,0.629647688171294,50.84615384615385,0.0,0.0,1.3076923076923077,0.0,0.0,0,0,2020Q1,2.4993333333333334
CO,2020Q2,22432.0,24957.0,47389.0,0.5266412036548566,41.61538461538461,0.0,0.0,1.0,0.0,0.0,0,0,2020Q2,2.023
CO,2020Q3,28859.0,37736.0,66595.0,0.5666491478339215,69.0,0.0,0.0,1.2307692307692308,0.38461538461538464,0.0,0,0,2020Q3,2.2726666666666664
CO,2020Q4,32727.0,50277.0,83004.0,0.6057177967326876,56.15384615384615,0.0,0.0,1.3076923076923077,0.23076923076923078,0.0,0,0,2020Q4,2.244
CO,2021Q1,34133.0,59315.0,93448.0,0.6347380361270439,69.46153846153847,0.0,0.15384615384615385,2.0,2.6153846153846154,0.0,0,0,2021Q1,2.6350000000000002
CO,2021Q2,34936.0,45818.0,80754.0,0.5673774673700374,63.07692307692308,0.0,0.0,1.6923076923076923,1.0,0.0,0,0,2021Q2,3.012
CO,2021Q3,45540.0,58392.0,103932.0,0.5618288881191549,53.46153846153846,0.0,0.0,2.769230769230769,1.2307692307692308,0.0,0,0,2021Q3,3.012
CO,2021Q4,47223.0,75737.0,122960.0,0.615948275862069,65.07692307692308,0.0,0.0,12.76923076923077,1.6153846153846154,0.0,0,0,2021Q4,3.012
CO,2022Q1,54930.0,101061.0,155991.0,0.6478642998634536,66.76923076923077,0.0,0.0,8.384615384615385,1.0,0.0,0,0,2022Q1,3.012
CO,2022Q2,53933.0,69792.0,123725.0,0.5640897150939583,71.6923076923077,0.0,0.0,9.153846153846153,1.0,0.0,0,0,2022Q2,3.012
CO,2022Q3,69272.0,88322.0,157594.0,0.5604401182786146,58.84615384615385,0.0,0.0,9.076923076923077,0.5384615384615384,0.0,1,0,2022Q3,3.012
CO,2022Q4,70108.0,93772.0,163880.0,0.5721991701244813,55.76923076923077,0.0,0.0,6.923076923076923,0.0,0.0,1,0,2022Q4,3.012
CO,2023Q1,82468.0,128884.0,211352.0,0.6098073356296605,69.46153846153847,0.0,0.0,6.923076923076923,0.23076923076923078,0.0,1,0,2023Q1,3.012
CO,2023Q2,85718.0,98163.0,183881.0,0.5338398203185756,64.92307692307692,0.0,0.0,7.538461538461538,0.0,0.0,1,0,2023Q2,3.012
CO,2023Q3,116338.0,122146.0,238484.0,0.5121769175290586,65.23076923076923,0.0,0.0,8.307692307692308,0.0,0.0,1,0,2023Q3,3.012
CO,2023Q4,130567.0,137287.0,267854.0,0.5125441471846603,60.785714285714285,0.0,0.0,7.5,0.07142857142857142,0.0,1,0,2023Q4,3.012
CO,2024Q1,165618.0,189526.0,355144.0,0.5336595859707611,62.07692307692308,0.0,0.0,9.384615384615385,0.0,0.0,1,0,2024Q1,3.012
CO,2024Q2,153649.0,127489.0,281138.0,0.4534748059671762,72.38461538461539,0.0,0.0,9.307692307692308,0.0,0.0,1,1,2024Q2,3.012
CO,2024Q3,200962.0,139080.0,340042.0,0.4090082989748325,61.53846153846154,0.0,0.0,8.076923076923077,0.0,0.0,1,1,2024Q3,3.012
CO,2024Q4,274751.0,177929.0,452680.0,0.3930569055403375,75.38461538461539,0.0,0.0,7.846153846153846,0.0,0.0,1,1,2024Q4,3.012
CO,2025Q1,284763.0,195848.0,480611.0,0.4074979557271889,75.38461538461539,0.0,0.0,7.846153846153846,0.0,0.0,1,1,2025Q1,3.012
CO,2025Q2,211881.0,132380.0,344261.0,0.3845338275320178,75.38461538461539,0.0,0.0,7.846153846153846,0.0,0.0,1,1,2025Q2,3.012
CO,2025Q3,197359.0,105140.0,302499.0,0.3475713969302378,75.38461538461539,0.0,0.0,7.846153846153846,0.0,0.0,1,1,2025Q3,3.012
CO,2025Q4,131147.0,71211.0,202358.0,0.3519060279306971,75.38461538461539,0.0,0.0,7.846153846153846,0.0,0.0,1,1,2025Q4,3.012
CT,2020Q1,401.0,1036.0,1437.0,0.720946416144746,50.84615384615385,0.0,0.0,1.3076923076923077,0.0,0.0,0,0,2020Q1,2.4993333333333334
CT,2020Q2,288.0,1077.0,1365.0,0.789010989010989,41.61538461538461,0.0,0.0,1.0,0.0,0.0,0,0,2020Q2,2.023
CT,2020Q3,812.0,2497.0,3309.0,0.7546086430945905,69.0,0.0,0.0,1.2307692307692308,0.38461538461538464,0.0,0,0,2020Q3,2.2726666666666664
CT,2020Q4,841.0,5034.0,5875.0,0.8568510638297873,56.15384615384615,0.0,0.0,1.3076923076923077,0.23076923076923078,0.0,0,0,2020Q4,2.244
CT,2021Q1,1710.0,4309.0,6019.0,0.7158996511048347,69.46153846153847,0.0,0.15384615384615385,2.0,2.6153846153846154,0.0,0,0,2021Q1,2.6350000000000002
CT,2021Q2,3278.0,5210.0,8488.0,0.6138077285579642,63.07692307692308,0.0,0.0,1.6923076923076923,1.0,0.0,0,0,2021Q2,3.012
CT,2021Q3,3638.0,7483.0,11121.0,0.6728711446812337,53.46153846153846,0.0,0.0,2.769230769230769,1.2307692307692308,0.0,0,0,2021Q3,3.012
CT,2021Q4,3142.0,8297.0,11439.0,0.7253256403531777,65.07692307692308,0.0,0.0,12.76923076923077,1.6153846153846154,0.0,0,0,2021Q4,3.012
CT,2022Q1,3373.0,5680.0,9053.0,0.6274163260797526,66.76923076923077,0.0,0.0,8.384615384615385,1.0,0.0,0,0,2022Q1,3.012
CT,2022Q2,4437.0,6637.0,11074.0,0.5993317681054723,71.6923076923077,0.0,0.0,9.153846153846153,1.0,0.0,0,0,2022Q2,3.012
CT,2022Q3,4334.0,6283.0,10617.0,0.5917867570876896,58.84615384615385,0.0,0.0,9.076923076923077,0.5384615384615384,0.0,1,0,2022Q3,3.012
CT,2022Q4,4778.0,8192.0,12970.0,0.6316114109483423,55.76923076923077,0.0,0.0,6.923076923076923,0.0,0.0,1,0,2022Q4,3.012
CT,2023Q1,5174.0,7739.0,12913.0,0.5993185162239604,69.46153846153847,0.0,0.0,6.923076923076923,0.23076923076923078,0.0,1,0,2023Q1,3.012
CT,2023Q2,5855.0,8003.0,13858.0,0.5775003608024246,64.92307692307692,0.0,0.0,7.538461538461538,0.0,0.0,1,0,2023Q2,3.012
CT,2023Q3,6224.0,7892.0,14116.0,0.5590818928875035,65.23076923076923,0.0,0.0,8.307692307692308,0.0,0.0,1,0,2023Q3,3.012
CT,2023Q4,6892.0,8826.0,15718.0,0.5615218221147729,60.785714285714285,0.0,0.0,7.5,0.07142857142857142,0.0,1,0,2023Q4,3.012
CT,2024Q1,4176.0,6503.0,10679.0,0.608952149077629,62.07692307692308,0.0,0.0,9.384615384615385,0.0,0.0,1,0,2024Q1,3.012
CT,2024Q2,6457.0,7394.0,13851.0,0.5338242726156956,72.38461538461539,0.0,0.0,9.307692307692308,0.0,0.0,1,1,2024Q2,3.012
CT,2024Q3,4289.0,4980.0,9269.0,0.5372747869241558,61.53846153846154,0.0,0.0,8.076923076923077,0.0,0.0,1,1,2024Q3,3.012
CT,2024Q4,4772.0,5200.0,9972.0,0.5214600882470919,75.38461538461539,0.0,0.0,7.846153846153846,0.0,0.0,1,1,2024Q4,3.012
CT,2025Q1,2139.0,2247.0,4386.0,0.512311901504788,75.38461538461539,0.0,0.0,7.846153846153846,0.0,0.0,1,1,2025Q1,3.012
CT,2025Q2,2399.0,2436.0,4835.0,0.5038262668045501,75.38461538461539,0.0,0.0,7.846153846153846,0.0,0.0,1,1,2025Q2,3.012
CT,2025Q3,3639.0,2944.0,6583.0,0.4472125170894729,75.38461538461539,0.0,0.0,7.846153846153846,0.0,0.0,1,1,2025Q3,3.012
CT,2025Q4,2489.0,2483.0,4972.0,0.499396621078037,75.38461538461539,0.0,0.0,7.846153846153846,0.0,0.0,1,1,2025Q4,3.012
ME,2020Q1,455.0,110.0,565.0,0.1946902654867256,50.84615384615385,0.0,0.0,1.3076923076923077,0.0,0.0,0,0,2020Q1,2.4993333333333334
ME,2020Q2,256.0,185.0,441.0,0.419501133786848,41.61538461538461,0.0,0.0,1.0,0.0,0.0,0,0,2020Q2,2.023
ME,2020Q3,331.0,200.0,531.0,0.3766478342749529,69.0,0.0,0.0,1.2307692307692308,0.38461538461538464,0.0,0,0,2020Q3,2.2726666666666664
ME,2020Q4,289.0,258.0,547.0,0.4716636197440585,56.15384615384615,0.0,0.0,1.3076923076923077,0.23076923076923078,0.0,0,0,2020Q4,2.244
ME,2021Q1,527.0,232.0,759.0,0.30566534914361,69.46153846153847,0.0,0.15384615384615385,2.0,2.6153846153846154,0.0,0,0,2021Q1,2.6350000000000002
ME,2021Q2,1472.0,441.0,1913.0,0.2305279665446942,63.07692307692308,0.0,0.0,1.6923076923076923,1.0,0.0,0,0,2021Q2,3.012
ME,2021Q3,1092.0,428.0,1520.0,0.281578947368421,53.46153846153846,0.0,0.0,2.769230769230769,1.2307692307692308,0.0,0,0,2021Q3,3.012
ME,2021Q4,857.0,765.0,1622.0,0.4716399506781751,65.07692307692308,0.0,0.0,12.76923076923077,1.6153846153846154,0.0,0,0,2021Q4,3.012
ME,2022Q1,1757.0,968.0,2725.0,0.3552293577981651,66.76923076923077,0.0,0.0,8.384615384615385,1.0,0.0,0,0,2022Q1,3.012
ME,2022Q2,2268.0,1178.0,3446.0,0.3418456181079512,71.6923076923077,0.0,0.0,9.153846153846153,1.0,0.0,0,0,2022Q2,3.012
ME,2022Q3,2870.0,1451.0,4321.0,0.3358018977088637,58.84615384615385,0.0,0.0,9.076923076923077,0.5384615384615384,0.0,1,0,2022Q3,3.012
ME,2022Q4,3016.0,1759.0,4775.0,0.3683769633507853,55.76923076923077,0.0,0.0,6.923076923076923,0.0,0.0,1,0,2022Q4,3.012
ME,2023Q1,3436.0,1714.0,5150.0,0.3328155339805825,69.46153846153847,0.0,0.0,6.923076923076923,0.23076923076923078,0.0,1,0,2023Q1,3.012
ME,2023Q2,4227.0,2049.0,6276.0,0.3264818355640535,64.92307692307692,0.0,0.0,7.538461538461538,0.0,0.0,1,0,2023Q2,3.012
ME,2023Q3,4984.0,2659.0,7643.0,0.3479000392516028,65.23076923076923,0.0,0.0,8.307692307692308,0.0,0.0,1,0,2023Q3,3.012
ME,2023Q4,4893.0,2155.0,7048.0,0.3057604994324631,60.785714285714285,0.0,0.0,7.5,0.07142857142857142,0.0,1,0,2023Q4,3.012
ME,2024Q1,5062.0,2167.0,7229.0,0.2997648360769124,62.07692307692308,0.0,0.0,9.384615384615385,0.0,0.0,1,0,2024Q1,3.012
ME,2024Q2,6985.0,2962.0,9947.0,0.2977782245903287,72.38461538461539,0.0,0.0,9.307692307692308,0.0,0.0,1,1,2024Q2,3.012
ME,2024Q3,6797.0,2943.0,9740.0,0.3021560574948665,61.53846153846154,0.0,0.0,8.076923076923077,0.0,0.0,1,1,2024Q3,3.012
ME,2024Q4,6941.0,2759.0,9700.0,0.2844329896907216,75.38461538461539,0.0,0.0,7.846153846153846,0.0,0.0,1,1,2024Q4,3.012
ME,2025Q1,6461.0,2314.0,8775.0,0.2637037037037037,75.38461538461539,0.0,0.0,7.846153846153846,0.0,0.0,1,1,2025Q1,3.012
ME,2025Q2,6510.0,2379.0,8889.0,0.2676341545730678,75.38461538461539,0.0,0.0,7.846153846153846,0.0,0.0,1,1,2025Q2,3.012
ME,2025Q3,4828.0,1885.0,6713.0,0.2807984507671682,75.38461538461539,0.0,0.0,7.846153846153846,0.0,0.0,1,1,2025Q3,3.012
ME,2025Q4,1961.0,719.0,2680.0,0.2682835820895522,75.38461538461539,0.0,0.0,7.846153846153846,0.0,0.0,1,1,2025Q4,3.012
MN,2020Q1,341.0,296.0,637.0,0.4646781789638932,50.84615384615385,0.0,0.0,1.3076923076923077,0.0,0.0,0,0,2020Q1,2.4993333333333334
MN,2020Q2,789.0,441.0,1230.0,0.3585365853658536,41.61538461538461,0.0,0.0,1.0,0.0,0.0,0,0,2020Q2,2.023
MN,2020Q3,1303.0,2384.0,3687.0,0.6465961486303228,69.0,0.0,0.0,1.2307692307692308,0.38461538461538464,0.0,0,0,2020Q3,2.2726666666666664
MN,2020Q4,1353.0,2757.0,4110.0,0.6708029197080292,56.15384615384615,0.0,0.0,1.3076923076923077,0.23076923076923078,0.0,0,0,2020Q4,2.244
MN,2021Q1,3266.0,4459.0,7725.0,0.5772168284789644,69.46153846153847,0.0,0.15384615384615385,2.0,2.6153846153846154,0.0,0,0,2021Q1,2.6350000000000002
MN,2021Q2,5333.0,8618.0,13951.0,0.6177334958067522,63.07692307692308,0.0,0.0,1.6923076923076923,1.0,0.0,0,0,2021Q2,3.012
MN,2021Q3,6951.0,13338.0,20289.0,0.6574005618808221,53.46153846153846,0.0,0.0,2.769230769230769,1.2307692307692308,0.0,0,0,2021Q3,3.012
MN,2021Q4,6711.0,13290.0,20001.0,0.6644667766611669,65.07692307692308,0.0,0.0,12.76923076923077,1.6153846153846154,0.0,0,0,2021Q4,3.012
MN,2022Q1,9225.0,11613.0,20838.0,0.5572991649870429,66.76923076923077,0.0,0.0,8.384615384615385,1.0,0.0,0,0,2022Q1,3.012
MN,2022Q2,9155.0,14588.0,23743.0,0.6144126689971782,71.6923076923077,0.0,0.0,9.153846153846153,1.0,0.0,0,0,2022Q2,3.012
MN,2022Q3,9196.0,15225.0,24421.0,0.6234388436181975,58.84615384615385,0.0,0.0,9.076923076923077,0.5384615384615384,0.0,1,0,2022Q3,3.012
MN,2022Q4,10416.0,16382.0,26798.0,0.6113142771848645,55.76923076923077,0.0,0.0,6.923076923076923,0.0,0.0,1,0,2022Q4,3.012
MN,2023Q1,15202.0,18805.0,34007.0,0.552974387626077,69.46153846153847,0.0,0.0,6.923076923076923,0.23076923076923078,0.0,1,0,2023Q1,3.012
MN,2023Q2,19442.0,24924.0,44366.0,0.5617815444259118,64.92307692307692,0.0,0.0,7.538461538461538,0.0,0.0,1,0,2023Q2,3.012
MN,2023Q3,19788.0,25371.0,45159.0,0.5618149206138311,65.23076923076923,0.0,0.0,8.307692307692308,0.0,0.0,1,0,2023Q3,3.012
MN,2023Q4,23630.0,26502.0,50132.0,0.5286443788398628,60.785714285714285,0.0,0.0,7.5,0.07142857142857142,0.0,1,0,2023Q4,3.012
MN,2024Q1,28880.0,26760.0,55640.0,0.4809489575844716,62.07692307692308,0.0,0.0,9.384615384615385,0.0,0.0,1,0,2024Q1,3.012
MN,2024Q2,25263.0,29734.0,54997.0,0.5406476716911831,72.38461538461539,0.0,0.0,9.307692307692308,0.0,0.0,1,1,2024Q2,3.012
MN,2024Q3,26970.0,27835.0,54805.0,0.507891615728492,61.53846153846154,0.0,0.0,8.076923076923077,0.0,0.0,1,1,2024Q3,3.012
MN,2024Q4,20202.0,20275.0,40477.0,0.5009017466709489,75.38461538461539,0.0,0.0,7.846153846153846,0.0,0.0,1,1,2024Q4,3.012
MN,2025Q1,26368.0,21855.0,48223.0,0.4532069759243514,75.38461538461539,0.0,0.0,7.846153846153846,0.0,0.0,1,1,2025Q1,3.012
MN,2025Q2,23198.0,23433.0,46631.0,0.5025197829769895,75.38461538461539,0.0,0.0,7.846153846153846,0.0,0.0,1,1,2025Q2,3.012
MN,2025Q3,21098.0,17519.0,38617.0,0.453660305047,75.38461538461539,0.0,0.0,7.846153846153846,0.0,0.0,1,1,2025Q3,3.012
MN,2025Q4,9263.0,7884.0,17147.0,0.459788884352948,75.38461538461539,0.0,0.0,7.846153846153846,0.0,0.0,1,1,2025Q4,3.012
MT,2020Q1,37.0,127.0,164.0,0.774390243902439,50.84615384615385,0.0,0.0,1.3076923076923077,0.0,0.0,0,0,2020Q1,2.4993333333333334
MT,2020Q2,44.0,134.0,178.0,0.7528089887640449,41.61538461538461,0.0,0.0,1.0,0.0,0.0,0,0,2020Q2,2.023
MT,2020Q3,89.0,219.0,308.0,0.711038961038961,69.0,0.0,0.0,1.2307692307692308,0.38461538461538464,0.0,0,0,2020Q3,2.2726666666666664
MT,2020Q4,69.0,249.0,318.0,0.7830188679245284,56.15384615384615,0.0,0.0,1.3076923076923077,0.23076923076923078,0.0,0,0,2020Q4,2.244
MT,2021Q1,87.0,173.0,260.0,0.6653846153846154,69.46153846153847,0.0,0.15384615384615385,2.0,2.6153846153846154,0.0,0,0,2021Q1,2.6350000000000002
MT,2021Q2,117.0,240.0,357.0,0.6722689075630253,63.07692307692308,0.0,0.0,1.6923076923076923,1.0,0.0,0,0,2021Q2,3.012
MT,2021Q3,177.0,390.0,567.0,0.6878306878306878,53.46153846153846,0.0,0.0,2.769230769230769,1.2307692307692308,0.0,0,0,2021Q3,3.012
MT,2021Q4,160.0,655.0,815.0,0.803680981595092,65.07692307692308,0.0,0.0,12.76923076923077,1.6153846153846154,0.0,0,0,2021Q4,3.012
MT,2022Q1,141.0,440.0,581.0,0.7573149741824441,66.76923076923077,0.0,0.0,8.384615384615385,1.0,0.0,0,0,2022Q1,3.012
MT,2022Q2,204.0,353.0,557.0,0.6337522441651705,71.6923076923077,0.0,0.0,9.153846153846153,1.0,0.0,0,0,2022Q2,3.012
MT,2022Q3,316.0,522.0,838.0,0.6229116945107399,58.84615384615385,0.0,0.0,9.076923076923077,0.5384615384615384,0.0,1,0,2022Q3,3.012
MT,2022Q4,262.0,486.0,748.0,0.6497326203208557,55.76923076923077,0.0,0.0,6.923076923076923,0.0,0.0,1,0,2022Q4,3.012
MT,2023Q1,307.0,449.0,756.0,0.593915343915344,69.46153846153847,0.0,0.0,6.923076923076923,0.23076923076923078,0.0,1,0,2023Q1,3.012
MT,2023Q2,352.0,441.0,793.0,0.5561160151324086,64.92307692307692,0.0,0.0,7.538461538461538,0.0,0.0,1,0,2023Q2,3.012
MT,2023Q3,448.0,579.0,1027.0,0.563777994157741,65.23076923076923,0.0,0.0,8.307692307692308,0.0,0.0,1,0,2023Q3,3.012
MT,2023Q4,478.0,613.0,1091.0,0.5618698441796517,60.785714285714285,0.0,0.0,7.5,0.07142857142857142,0.0,1,0,2023Q4,3.012
MT,2024Q1,40.0,18.0,58.0,0.3103448275862069,62.07692307692308,0.0,0.0,9.384615384615385,0.0,0.0,1,0,2024Q1,3.012
MT,2024Q2,552.0,503.0,1055.0,0.4767772511848341,72.38461538461539,0.0,0.0,9.307692307692308,0.0,0.0,1,1,2024Q2,3.012
MT,2024Q3,693.0,745.0,1438.0,0.5180806675938804,61.53846153846154,0.0,0.0,8.076923076923077,0.0,0.0,1,1,2024Q3,3.012
MT,2024Q4,716.0,812.0,1528.0,0.5314136125654451,75.38461538461539,0.0,0.0,7.846153846153846,0.0,0.0,1,1,2024Q4,3.012
MT,2025Q1,1337.0,1245.0,2582.0,0.4821843532145624,75.38461538461539,0.0,0.0,7.846153846153846,0.0,0.0,1,1,2025Q1,3.012
MT,2025Q2,989.0,870.0,1859.0,0.4679935449166218,75.38461538461539,0.0,0.0,7.846153846153846,0.0,0.0,1,1,2025Q2,3.012
MT,2025Q3,901.0,946.0,1847.0,0.5121819166215484,75.38461538461539,0.0,0.0,7.846153846153846,0.0,0.0,1,1,2025Q3,3.012
MT,2025Q4,958.0,855.0,1813.0,0.4715940430226144,75.38461538461539,0.0,0.0,7.846153846153846,0.0,0.0,1,1,2025Q4,3.012
NC,2020Q2,108.0,174.0,282.0,0.6170212765957447,41.61538461538461,0.0,0.0,1.0,0.0,0.0,0,0,2020Q2,2.023
NC,2020Q3,978.0,2523.0,3501.0,0.7206512425021423,69.0,0.0,0.0,1.2307692307692308,0.38461538461538464,0.0,0,0,2020Q3,2.2726666666666664
NC,2020Q4,1237.0,3439.0,4676.0,0.7354576561163387,56.15384615384615,0.0,0.0,1.3076923076923077,0.23076923076923078,0.0,0,0,2020Q4,2.244
NC,2021Q1,1279.0,3550.0,4829.0,0.735141851314972,69.46153846153847,0.0,0.15384615384615385,2.0,2.6153846153846154,0.0,0,0,2021Q1,2.6350000000000002
NC,2021Q2,1841.0,4057.0,5898.0,0.6878602916242794,63.07692307692308,0.0,0.0,1.6923076923076923,1.0,0.0,0,0,2021Q2,3.012
NC,2021Q3,22.0,6.0,28.0,0.2142857142857142,53.46153846153846,0.0,0.0,2.769230769230769,1.2307692307692308,0.0,0,0,2021Q3,3.012
NC,2021Q4,39.0,49.0,88.0,0.5568181818181818,65.07692307692308,0.0,0.0,12.76923076923077,1.6153846153846154,0.0,0,0,2021Q4,3.012
NC,2022Q1,1323.0,2871.0,4194.0,0.6845493562231759,66.76923076923077,0.0,0.0,8.384615384615385,1.0,0.0,0,0,2022Q1,3.012
NC,2022Q2,2696.0,5115.0,7811.0,0.654845730380233,71.6923076923077,0.0,0.0,9.153846153846153,1.0,0.0,0,0,2022Q2,3.012
NC,2022Q3,3637.0,7666.0,11303.0,0.6782270193753871,58.84615384615385,0.0,0.0,9.076923076923077,0.5384615384615384,0.0,1,0,2022Q3,3.012
NC,2022Q4,6170.0,13996.0,20166.0,0.6940394723792522,55.76923076923077,0.0,0.0,6.923076923076923,0.0,0.0,1,0,2022Q4,3.012
NC,2023Q1,5569.0,13267.0,18836.0,0.7043427479294967,69.46153846153847,0.0,0.0,6.923076923076923,0.23076923076923078,0.0,1,0,2023Q1,3.012
NC,2023Q2,9635.0,16286.0,25921.0,0.6282936615099726,64.92307692307692,0.0,0.0,7.538461538461538,0.0,0.0,1,0,2023Q2,3.012
NC,2023Q3,12197.0,21171.0,33368.0,0.6344701510429154,65.23076923076923,0.0,0.0,8.307692307692308,0.0,0.0,1,0,2023Q3,3.012
NC,2023Q4,5865.0,9992.0,15857.0,0.6301318029892161,60.785714285714285,0.0,0.0,7.5,0.07142857142857142,0.0,1,0,2023Q4,3.012
NC,2024Q1,7557.0,12379.0,19936.0,0.6209369983948636,62.07692307692308,0.0,0.0,9.384615384615385,0.0,0.0,1,0,2024Q1,3.012
NJ,2020Q2,3665.0,17833.0,21498.0,0.8295190250255837,41.61538461538461,0.0,0.0,1.0,0.0,0.0,0,0,2020Q2,2.023
NJ,2020Q4,4732.0,23932.0,28664.0,0.8349148758024002,56.15384615384615,0.0,0.0,1.3076923076923077,0.23076923076923078,0.0,0,0,2020Q4,2.244
NJ,2021Q2,6574.0,27976.0,34550.0,0.80972503617945,63.07692307692308,0.0,0.0,1.6923076923076923,1.0,0.0,0,0,2021Q2,3.012
NJ,2021Q4,9895.0,36445.0,46340.0,0.7864695727233492,65.07692307692308,0.0,0.0,12.76923076923077,1.6153846153846154,0.0,0,0,2021Q4,3.012
NJ,2022Q2,14194.0,44544.0,58738.0,0.7583506418332255,71.6923076923077,0.0,0.0,9.153846153846153,1.0,0.0,0,0,2022Q2,3.012
NJ,2022Q4,18445.0,49939.0,68384.0,0.7302731633130557,55.76923076923077,0.0,0.0,6.923076923076923,0.0,0.0,1,0,2022Q4,3.012
NJ,2023Q2,26421.0,68700.0,95121.0,0.7222379916106854,64.92307692307692,0.0,0.0,7.538461538461538,0.0,0.0,1,0,2023Q2,3.012
NJ,2023Q4,35988.0,82631.0,118619.0,0.6966084691322638,60.785714285714285,0.0,0.0,7.5,0.07142857142857142,0.0,1,0,2023Q4,3.012
NJ,2024Q2,46178.0,94784.0,140962.0,0.6724081667399725,72.38461538461539,0.0,0.0,9.307692307692308,0.0,0.0,1,1,2024Q2,3.012
NJ,2024Q4,60519.0,107959.0,168478.0,0.6407898954166122,75.38461538461539,0.0,0.0,7.846153846153846,0.0,0.0,1,1,2024Q4,3.012
NJ,2025Q3,72479.0,117005.0,189484.0,0.6174927698380865,75.38461538461539,0.0,0.0,7.846153846153846,0.0,0.0,1,1,2025Q3,3.012
NJ,2025Q4,44437.0,123747.0,168184.0,0.7357834276744518,75.38461538461539,0.0,0.0,7.846153846153846,0.0,0.0,1,1,2025Q4,3.012
NM,2020Q1,1031.0,1380.0,2411.0,0.5723766072169224,50.84615384615385,0.0,0.0,1.3076923076923077,0.0,0.0,0,0,2020Q1,2.4993333333333334
NM,2020Q2,1347.0,796.0,2143.0,0.3714419038730751,41.61538461538461,0.0,0.0,1.0,0.0,0.0,0,0,2020Q2,2.023
NM,2020Q3,1241.0,1811.0,3052.0,0.5933813892529489,69.0,0.0,0.0,1.2307692307692308,0.38461538461538464,0.0,0,0,2020Q3,2.2726666666666664
NM,2020Q4,891.0,2175.0,3066.0,0.7093933463796478,56.15384615384615,0.0,0.0,1.3076923076923077,0.23076923076923078,0.0,0,0,2020Q4,2.244
NM,2021Q1,1542.0,3465.0,5007.0,0.6920311563810665,69.46153846153847,0.0,0.15384615384615385,2.0,2.6153846153846154,0.0,0,0,2021Q1,2.6350000000000002
NM,2021Q2,3033.0,2603.0,5636.0,0.4618523775727466,63.07692307692308,0.0,0.0,1.6923076923076923,1.0,0.0,0,0,2021Q2,3.012
NM,2021Q3,2548.0,3669.0,6217.0,0.5901560238056941,53.46153846153846,0.0,0.0,2.769230769230769,1.2307692307692308,0.0,0,0,2021Q3,3.012
NM,2021Q4,2993.0,5726.0,8719.0,0.6567266888404634,65.07692307692308,0.0,0.0,12.76923076923077,1.6153846153846154,0.0,0,0,2021Q4,3.012
NM,2022Q1,3538.0,6156.0,9694.0,0.635031978543429,66.76923076923077,0.0,0.0,8.384615384615385,1.0,0.0,0,0,2022Q1,3.012
NM,2022Q2,5705.0,6282.0,11987.0,0.5240677400517227,71.6923076923077,0.0,0.0,9.153846153846153,1.0,0.0,0,0,2022Q2,3.012
NM,2022Q3,6815.0,6903.0,13718.0,0.503207464644992,58.84615384615385,0.0,0.0,9.076923076923077,0.5384615384615384,0.0,1,0,2022Q3,3.012
NM,2022Q4,7236.0,7651.0,14887.0,0.5139383354604689,55.76923076923077,0.0,0.0,6.923076923076923,0.0,0.0,1,0,2022Q4,3.012
NM,2023Q1,10081.0,8879.0,18960.0,0.468301687763713,69.46153846153847,0.0,0.0,6.923076923076923,0.23076923076923078,0.0,1,0,2023Q1,3.012
NM,2023Q2,9476.0,9761.0,19237.0,0.5074075999376202,64.92307692307692,0.0,0.0,7.538461538461538,0.0,0.0,1,0,2023Q2,3.012
NM,2023Q3,14049.0,12502.0,26551.0,0.4708673872923807,65.23076923076923,0.0,0.0,8.307692307692308,0.0,0.0,1,0,2023Q3,3.012
NM,2023Q4,13647.0,11102.0,24749.0,0.4485837811628753,60.785714285714285,0.0,0.0,7.5,0.07142857142857142,0.0,1,0,2023Q4,3.012
NM,2024Q1,11228.0,9582.0,20810.0,0.4604517059106199,62.07692307692308,0.0,0.0,9.384615384615385,0.0,0.0,1,0,2024Q1,3.012
NM,2024Q2,10896.0,9245.0,20141.0,0.4590139516409314,72.38461538461539,0.0,0.0,9.307692307692308,0.0,0.0,1,1,2024Q2,3.012
NM,2024Q3,12094.0,13774.0,25868.0,0.5324725529611876,61.53846153846154,0.0,0.0,8.076923076923077,0.0,0.0,1,1,2024Q3,3.012
NM,2024Q4,11093.0,6911.0,18004.0,0.3838591424127971,75.38461538461539,0.0,0.0,7.846153846153846,0.0,0.0,1,1,2024Q4,3.012
NM,2025Q1,11730.0,8502.0,20232.0,0.4202253855278766,75.38461538461539,0.0,0.0,7.846153846153846,0.0,0.0,1,1,2025Q1,3.012
NM,2025Q2,8262.0,6482.0,14744.0,0.4396364622897449,75.38461538461539,0.0,0.0,7.846153846153846,0.0,0.0,1,1,2025Q2,3.012
NM,2025Q3,7732.0,6657.0,14389.0,0.4626450760997984,75.38461538461539,0.0,0.0,7.846153846153846,0.0,0.0,1,1,2025Q3,3.012
NM,2025Q4,3561.0,2426.0,5987.0,0.4052112911307833,75.38461538461539,0.0,0.0,7.846153846153846,0.0,0.0,1,1,2025Q4,3.012
NY,2020Q1,16947.0,44714.0,61661.0,0.7251585280809588,50.84615384615385,0.0,0.0,1.3076923076923077,0.0,0.0,0,0,2020Q1,2.4993333333333334
NY,2020Q2,15296.0,57271.0,72567.0,0.7892154836220321,41.61538461538461,0.0,0.0,1.0,0.0,0.0,0,0,2020Q2,2.023
NY,2020Q3,27345.0,116099.0,143444.0,0.8093681157803743,69.0,0.0,0.0,1.2307692307692308,0.38461538461538464,0.0,0,0,2020Q3,2.2726666666666664
NY,2020Q4,30235.0,115925.0,146160.0,0.7931376573617953,56.15384615384615,0.0,0.0,1.3076923076923077,0.23076923076923078,0.0,0,0,2020Q4,2.244
NY,2021Q1,35814.0,103333.0,139147.0,0.7426175196015724,69.46153846153847,0.0,0.15384615384615385,2.0,2.6153846153846154,0.0,0,0,2021Q1,2.6350000000000002
NY,2021Q2,62654.0,119983.0,182637.0,0.6569479349748408,63.07692307692308,0.0,0.0,1.6923076923076923,1.0,0.0,0,0,2021Q2,3.012
NY,2021Q3,61369.0,130443.0,191812.0,0.6800565136696348,53.46153846153846,0.0,0.0,2.769230769230769,1.2307692307692308,0.0,0,0,2021Q3,3.012
NY,2021Q4,49561.0,120124.0,169685.0,0.7079235053186788,65.07692307692308,0.0,0.0,12.76923076923077,1.6153846153846154,0.0,0,0,2021Q4,3.012
NY,2022Q1,50749.0,115174.0,165923.0,0.6941412582945101,66.76923076923077,0.0,0.0,8.384615384615385,1.0,0.0,0,0,2022Q1,3.012
NY,2022Q2,79285.0,150751.0,230036.0,0.655336556017319,71.6923076923077,0.0,0.0,9.153846153846153,1.0,0.0,0,0,2022Q2,3.012
NY,2022Q3,104153.0,192296.0,296449.0,0.6486646944331066,58.84615384615385,0.0,0.0,9.076923076923077,0.5384615384615384,0.0,1,0,2022Q3,3.012
NY,2022Q4,99763.0,201826.0,301589.0,0.6692087576138387,55.76923076923077,0.0,0.0,6.923076923076923,0.0,0.0,1,0,2022Q4,3.012
NY,2023Q1,111140.0,185375.0,296515.0,0.6251791646291082,69.46153846153847,0.0,0.0,6.923076923076923,0.23076923076923078,0.0,1,0,2023Q1,3.012
NY,2023Q2,160481.0,234480.0,394961.0,0.593678869559273,64.92307692307692,0.0,0.0,7.538461538461538,0.0,0.0,1,0,2023Q2,3.012
NY,2023Q3,175632.0,238105.0,413737.0,0.5754984446641224,65.23076923076923,0.0,0.0,8.307692307692308,0.0,0.0,1,0,2023Q3,3.012
NY,2023Q4,170087.0,268249.0,438336.0,0.6119711819243685,60.785714285714285,0.0,0.0,7.5,0.07142857142857142,0.0,1,0,2023Q4,3.012
NY,2024Q1,145110.0,203315.0,348425.0,0.5835258663987946,62.07692307692308,0.0,0.0,9.384615384615385,0.0,0.0,1,0,2024Q1,3.012
NY,2024Q2,237630.0,281461.0,519091.0,0.542218994357444,72.38461538461539,0.0,0.0,9.307692307692308,0.0,0.0,1,1,2024Q2,3.012
NY,2024Q3,265679.0,259020.0,524699.0,0.4936544571268479,61.53846153846154,0.0,0.0,8.076923076923077,0.0,0.0,1,1,2024Q3,3.012
NY,2024Q4,238248.0,284983.0,523231.0,0.5446600067656542,75.38461538461539,0.0,0.0,7.846153846153846,0.0,0.0,1,1,2024Q4,3.012
NY,2025Q1,184239.0,177987.0,362226.0,0.4913700286561429,75.38461538461539,0.0,0.0,7.846153846153846,0.0,0.0,1,1,2025Q1,3.012
NY,2025Q2,163724.0,151720.0,315444.0,0.480972850965623,75.38461538461539,0.0,0.0,7.846153846153846,0.0,0.0,1,1,2025Q2,3.012
NY,2025Q3,178161.0,129266.0,307427.0,0.4204770563418307,75.38461538461539,0.0,0.0,7.846153846153846,0.0,0.0,1,1,2025Q3,3.012
NY,2025Q4,70558.0,75703.0,146261.0,0.5175884206999816,75.38461538461539,0.0,0.0,7.846153846153846,0.0,0.0,1,1,2025Q4,3.012
OR,2020Q1,823.0,1271.0,2094.0,0.6069723018147087,50.84615384615385,0.0,0.0,1.3076923076923077,0.0,0.0,0,0,2020Q1,2.4993333333333334
OR,2020Q2,335.0,452.0,787.0,0.5743329097839899,41.61538461538461,0.0,0.0,1.0,0.0,0.0,0,0,2020Q2,2.023
OR,2020Q3,548.0,1212.0,1760.0,0.6886363636363636,69.0,0.0,0.0,1.2307692307692308,0.38461538461538464,0.0,0,0,2020Q3,2.2726666666666664
OR,2020Q4,1057.0,1758.0,2815.0,0.6245115452930728,56.15384615384615,0.0,0.0,1.3076923076923077,0.23076923076923078,0.0,0,0,2020Q4,2.244
OR,2021Q1,2094.0,2404.0,4498.0,0.5344597598932859,69.46153846153847,0.0,0.15384615384615385,2.0,2.6153846153846154,0.0,0,0,2021Q1,2.6350000000000002
OR,2021Q2,2846.0,2324.0,5170.0,0.4495164410058027,63.07692307692308,0.0,0.0,1.6923076923076923,1.0,0.0,0,0,2021Q2,3.012
OR,2021Q3,4030.0,3184.0,7214.0,0.4413640144164125,53.46153846153846,0.0,0.0,2.769230769230769,1.2307692307692308,0.0,0,0,2021Q3,3.012
OR,2021Q4,4005.0,4822.0,8827.0,0.546278463804237,65.07692307692308,0.0,0.0,12.76923076923077,1.6153846153846154,0.0,0,0,2021Q4,3.012
OR,2022Q1,4753.0,4376.0,9129.0,0.4793515171431701,66.76923076923077,0.0,0.0,8.384615384615385,1.0,0.0,0,0,2022Q1,3.012
OR,2022Q2,5569.0,4766.0,10335.0,0.461151427189163,71.6923076923077,0.0,0.0,9.153846153846153,1.0,0.0,0,0,2022Q2,3.012
OR,2022Q3,7863.0,8092.0,15955.0,0.507176433719837,58.84615384615385,0.0,0.0,9.076923076923077,0.5384615384615384,0.0,1,0,2022Q3,3.012
OR,2022Q4,6495.0,6308.0,12803.0,0.4926970241349683,55.76923076923077,0.0,0.0,6.923076923076923,0.0,0.0,1,0,2022Q4,3.012
OR,2023Q1,6666.0,5572.0,12238.0,0.4553031541101487,69.46153846153847,0.0,0.0,6.923076923076923,0.23076923076923078,0.0,1,0,2023Q1,3.012
OR,2023Q2,7023.0,6201.0,13224.0,0.4689201451905626,64.92307692307692,0.0,0.0,7.538461538461538,0.0,0.0,1,0,2023Q2,3.012
OR,2023Q3,8404.0,6615.0,15019.0,0.4404421066648911,65.23076923076923,0.0,0.0,8.307692307692308,0.0,0.0,1,0,2023Q3,3.012
OR,2023Q4,4024.0,2923.0,6947.0,0.4207571613646178,60.785714285714285,0.0,0.0,7.5,0.07142857142857142,0.0,1,0,2023Q4,3.012
OR,2024Q1,4326.0,3330.0,7656.0,0.4349529780564263,62.07692307692308,0.0,0.0,9.384615384615385,0.0,0.0,1,0,2024Q1,3.012
OR,2024Q2,5754.0,4122.0,9876.0,0.4173754556500607,72.38461538461539,0.0,0.0,9.307692307692308,0.0,0.0,1,1,2024Q2,3.012
OR,2024Q3,5969.0,5444.0,11413.0,0.4769999123806186,61.53846153846154,0.0,0.0,8.076923076923077,0.0,0.0,1,1,2024Q3,3.012
OR,2024Q4,5827.0,4406.0,10233.0,0.4305677709371641,75.38461538461539,0.0,0.0,7.846153846153846,0.0,0.0,1,1,2024Q4,3.012
OR,2025Q1,2666.0,1878.0,4544.0,0.4132922535211267,75.38461538461539,0.0,0.0,7.846153846153846,0.0,0.0,1,1,2025Q1,3.012
TN,2020Q1,1726.0,3220.0,4946.0,0.6510311362717347,50.84615384615385,0.0,0.0,1.3076923076923077,0.0,0.0,0,0,2020Q1,2.4993333333333334
TN,2020Q2,1873.0,3779.0,5652.0,0.6686128803963199,41.61538461538461,0.0,0.0,1.0,0.0,0.0,0,0,2020Q2,2.023
TN,2020Q3,1983.0,4096.0,6079.0,0.6737950320776444,69.0,0.0,0.0,1.2307692307692308,0.38461538461538464,0.0,0,0,2020Q3,2.2726666666666664
TN,2020Q4,2349.0,4572.0,6921.0,0.6605981794538361,56.15384615384615,0.0,0.0,1.3076923076923077,0.23076923076923078,0.0,0,0,2020Q4,2.244
TN,2021Q1,2546.0,5239.0,7785.0,0.6729608220937701,69.46153846153847,0.0,0.15384615384615385,2.0,2.6153846153846154,0.0,0,0,2021Q1,2.6350000000000002
TN,2021Q2,2967.0,6064.0,9031.0,0.6714649540471709,63.07692307692308,0.0,0.0,1.6923076923076923,1.0,0.0,0,0,2021Q2,3.012
TN,2021Q3,3220.0,6732.0,9952.0,0.6764469453376206,53.46153846153846,0.0,0.0,2.769230769230769,1.2307692307692308,0.0,0,0,2021Q3,3.012
TN,2021Q4,3403.0,7888.0,11291.0,0.6986095120007085,65.07692307692308,0.0,0.0,12.76923076923077,1.6153846153846154,0.0,0,0,2021Q4,3.012
TN,2022Q1,3666.0,8881.0,12547.0,0.7078186020562685,66.76923076923077,0.0,0.0,8.384615384615385,1.0,0.0,0,0,2022Q1,3.012
TN,2022Q2,4163.0,9866.0,14029.0,0.7032575379570889,71.6923076923077,0.0,0.0,9.153846153846153,1.0,0.0,0,0,2022Q2,3.012
TN,2022Q3,4881.0,10678.0,15559.0,0.6862908927308953,58.84615384615385,0.0,0.0,9.076923076923077,0.5384615384615384,0.0,1,0,2022Q3,3.012
TN,2022Q4,5607.0,11591.0,17198.0,0.6739737178741714,55.76923076923077,0.0,0.0,6.923076923076923,0.0,0.0,1,0,2022Q4,3.012
TN,2023Q1,6635.0,13779.0,20414.0,0.6749779563044969,69.46153846153847,0.0,0.0,6.923076923076923,0.23076923076923078,0.0,1,0,2023Q1,3.012
TN,2023Q2,7517.0,15093.0,22610.0,0.6675364882795224,64.92307692307692,0.0,0.0,7.538461538461538,0.0,0.0,1,0,2023Q2,3.012
TN,2023Q3,8996.0,16352.0,25348.0,0.64510020514439,65.23076923076923,0.0,0.0,8.307692307692308,0.0,0.0,1,0,2023Q3,3.012
TN,2023Q4,10131.0,17096.0,27227.0,0.6279061225988908,60.785714285714285,0.0,0.0,7.5,0.07142857142857142,0.0,1,0,2023Q4,3.012
TN,2024Q1,11281.0,18672.0,29953.0,0.6233766233766234,62.07692307692308,0.0,0.0,9.384615384615385,0.0,0.0,1,0,2024Q1,3.012
TN,2024Q2,12611.0,19549.0,32160.0,0.6078669154228856,72.38461538461539,0.0,0.0,9.307692307692308,0.0,0.0,1,1,2024Q2,3.012
TN,2024Q3,13935.0,21069.0,35004.0,0.6019026396983201,61.53846153846154,0.0,0.0,8.076923076923077,0.0,0.0,1,1,2024Q3,3.012
TN,2025Q1,15859.0,23726.0,39585.0,0.5993684476443097,61.53846153846154,0.0,0.0,8.076923076923077,0.0,0.0,1,1,2025Q1,3.012
TN,2025Q2,17242.0,25723.0,42965.0,0.5986966135226347,61.53846153846154,0.0,0.0,8.076923076923077,0.0,0.0,1,1,2025Q2,3.012
TN,2025Q3,38349.0,57732.0,96081.0,0.6008680176101414,61.53846153846154,0.0,0.0,8.076923076923077,0.0,0.0,1,1,2025Q3,3.012
TX,2020Q1,1625.0,7503.0,9128.0,0.8219763365468887,50.84615384615385,0.0,0.0,1.3076923076923077,0.0,0.0,0,0,2020Q1,2.4993333333333334
TX,2020Q2,1205.0,4622.0,5827.0,0.7932040501115497,41.61538461538461,0.0,0.0,1.0,0.0,0.0,0,0,2020Q2,2.023
TX,2020Q3,2827.0,9949.0,12776.0,0.7787257357545397,69.0,0.0,0.0,1.2307692307692308,0.38461538461538464,0.0,0,0,2020Q3,2.2726666666666664
TX,2020Q4,3553.0,14236.0,17789.0,0.8002698296700208,56.15384615384615,0.0,0.0,1.3076923076923077,0.23076923076923078,0.0,0,0,2020Q4,2.244
TX,2021Q1,2455.0,11202.0,13657.0,0.820238705425789,69.46153846153847,0.0,0.15384615384615385,2.0,2.6153846153846154,0.0,0,0,2021Q1,2.6350000000000002
TX,2021Q2,4098.0,12303.0,16401.0,0.7501371867569051,63.07692307692308,0.0,0.0,1.6923076923076923,1.0,0.0,0,0,2021Q2,3.012
TX,2021Q3,6843.0,18590.0,25433.0,0.7309401171706051,53.46153846153846,0.0,0.0,2.769230769230769,1.2307692307692308,0.0,0,0,2021Q3,3.012
TX,2021Q4,5694.0,25152.0,30846.0,0.8154055631200156,65.07692307692308,0.0,0.0,12.76923076923077,1.6153846153846154,0.0,0,0,2021Q4,3.012
TX,2022Q1,6408.0,21269.0,27677.0,0.7684720164757741,66.76923076923077,0.0,0.0,8.384615384615385,1.0,0.0,0,0,2022Q1,3.012
TX,2022Q2,15811.0,33999.0,49810.0,0.6825737803653885,71.6923076923077,0.0,0.0,9.153846153846153,1.0,0.0,0,0,2022Q2,3.012
TX,2022Q3,33727.0,79615.0,113342.0,0.7024315787616241,58.84615384615385,0.0,0.0,9.076923076923077,0.5384615384615384,0.0,1,0,2022Q3,3.012
TX,2022Q4,55639.0,129940.0,185579.0,0.7001869823633062,55.76923076923077,0.0,0.0,6.923076923076923,0.0,0.0,1,0,2022Q4,3.012
TX,2023Q1,92745.0,232696.0,325441.0,0.7150174686041403,69.46153846153847,0.0,0.0,6.923076923076923,0.23076923076923078,0.0,1,0,2023Q1,3.012
TX,2023Q2,149808.0,308499.0,458307.0,0.6731274015016135,64.92307692307692,0.0,0.0,7.538461538461538,0.0,0.0,1,0,2023Q2,3.012
TX,2023Q3,217046.0,428700.0,645746.0,0.6638833225447777,65.23076923076923,0.0,0.0,8.307692307692308,0.0,0.0,1,0,2023Q3,3.012
TX,2023Q4,220864.0,440592.0,661456.0,0.6660941922062843,60.785714285714285,0.0,0.0,7.5,0.07142857142857142,0.0,1,0,2023Q4,3.012
TX,2024Q1,221390.0,528276.0,749666.0,0.7046818183030843,62.07692307692308,0.0,0.0,9.384615384615385,0.0,0.0,1,0,2024Q1,3.012
TX,2024Q2,267493.0,540134.0,807627.0,0.6687914098959049,72.38461538461539,0.0,0.0,9.307692307692308,0.0,0.0,1,1,2024Q2,3.012
TX,2024Q3,299518.0,631725.0,931243.0,0.6783675152457522,61.53846153846154,0.0,0.0,8.076923076923077,0.0,0.0,1,1,2024Q3,3.012
TX,2024Q4,291595.0,555378.0,846973.0,0.6557210206228534,75.38461538461539,0.0,0.0,7.846153846153846,0.0,0.0,1,1,2024Q4,3.012
TX,2025Q1,310839.0,662018.0,972857.0,0.6804884993375182,75.38461538461539,0.0,0.0,7.846153846153846,0.0,0.0,1,1,2025Q1,3.012
TX,2025Q2,268699.0,550125.0,818824.0,0.6718476742254745,75.38461538461539,0.0,0.0,7.846153846153846,0.0,0.0,1,1,2025Q2,3.012
TX,2025Q3,224542.0,438843.0,663385.0,0.6615208363167693,75.38461538461539,0.0,0.0,7.846153846153846,0.0,0.0,1,1,2025Q3,3.012
TX,2025Q4,117972.0,249817.0,367789.0,0.6792399990211779,75.38461538461539,0.0,0.0,7.846153846153846,0.0,0.0,1,1,2025Q4,3.012
VA,2020Q1,846.0,3102.0,3948.0,0.7857142857142857,50.84615384615385,0.0,0.0,1.3076923076923077,0.0,0.0,0,0,2020Q1,2.4993333333333334
VA,2020Q2,771.0,3519.0,4290.0,0.8202797202797203,41.61538461538461,0.0,0.0,1.0,0.0,0.0,0,0,2020Q2,2.023
VA,2020Q3,1272.0,5362.0,6634.0,0.8082604763340367,69.0,0.0,0.0,1.2307692307692308,0.38461538461538464,0.0,0,0,2020Q3,2.2726666666666664
VA,2020Q4,1408.0,5820.0,7228.0,0.805201992252352,56.15384615384615,0.0,0.0,1.3076923076923077,0.23076923076923078,0.0,0,0,2020Q4,2.244
VA,2021Q1,1277.0,4210.0,5487.0,0.7672680882084928,69.46153846153847,0.0,0.15384615384615385,2.0,2.6153846153846154,0.0,0,0,2021Q1,2.6350000000000002
VA,2021Q2,2114.0,5052.0,7166.0,0.7049958135640525,63.07692307692308,0.0,0.0,1.6923076923076923,1.0,0.0,0,0,2021Q2,3.012
VA,2021Q3,2252.0,7550.0,9802.0,0.7702509691899613,53.46153846153846,0.0,0.0,2.769230769230769,1.2307692307692308,0.0,0,0,2021Q3,3.012
VA,2021Q4,2431.0,7787.0,10218.0,0.7620865139949109,65.07692307692308,0.0,0.0,12.76923076923077,1.6153846153846154,0.0,0,0,2021Q4,3.012
VA,2022Q1,2330.0,6369.0,8699.0,0.7321531210483964,66.76923076923077,0.0,0.0,8.384615384615385,1.0,0.0,0,0,2022Q1,3.012
VA,2022Q2,3315.0,7522.0,10837.0,0.6941035341884285,71.6923076923077,0.0,0.0,9.153846153846153,1.0,0.0,0,0,2022Q2,3.012
VA,2022Q3,4399.0,11669.0,16068.0,0.7262260393328355,58.84615384615385,0.0,0.0,9.076923076923077,0.5384615384615384,0.0,1,0,2022Q3,3.012
VA,2022Q4,4807.0,12925.0,17732.0,0.7289081885856079,55.76923076923077,0.0,0.0,6.923076923076923,0.0,0.0,1,0,2022Q4,3.012
VA,2023Q1,4583.0,9856.0,14439.0,0.682595747627952,69.46153846153847,0.0,0.0,6.923076923076923,0.23076923076923078,0.0,1,0,2023Q1,3.012
VA,2023Q2,6200.0,11925.0,18125.0,0.6579310344827586,64.92307692307692,0.0,0.0,7.538461538461538,0.0,0.0,1,0,2023Q2,3.012
VA,2023Q3,7336.0,14061.0,21397.0,0.6571481983455625,65.23076923076923,0.0,0.0,8.307692307692308,0.0,0.0,1,0,2023Q3,3.012
VA,2023Q4,8375.0,14360.0,22735.0,0.6316252474158786,60.785714285714285,0.0,0.0,7.5,0.07142857142857142,0.0,1,0,2023Q4,3.012
VA,2024Q1,4802.0,9687.0,14489.0,0.6685761612257575,62.07692307692308,0.0,0.0,9.384615384615385,0.0,0.0,1,0,2024Q1,3.012
VA,2024Q2,6595.0,11935.0,18530.0,0.6440906637884511,72.38461538461539,0.0,0.0,9.307692307692308,0.0,0.0,1,1,2024Q2,3.012
VA,2024Q3,8116.0,13795.0,21911.0,0.6295924421523436,61.53846153846154,0.0,0.0,8.076923076923077,0.0,0.0,1,1,2024Q3,3.012
VA,2024Q4,8193.0,13866.0,22059.0,0.6285869713042296,75.38461538461539,0.0,0.0,7.846153846153846,0.0,0.0,1,1,2024Q4,3.012
VA,2025Q1,51.0,88.0,139.0,0.6330935251798561,75.38461538461539,0.0,0.0,7.846153846153846,0.0,0.0,1,1,2025Q1,3.012
VT,2020Q1,1136.0,497.0,1633.0,0.3043478260869565,50.84615384615385,0.0,0.0,1.3076923076923077,0.0,0.0,0,0,2020Q1,2.4993333333333334
VT,2020Q4,1418.0,693.0,2111.0,0.3282804358124112,56.15384615384615,0.0,0.0,1.3076923076923077,0.23076923076923078,0.0,0,0,2020Q4,2.244
VT,2021Q2,1747.0,842.0,2589.0,0.3252220934723832,63.07692307692308,0.0,0.0,1.6923076923076923,1.0,0.0,0,0,2021Q2,3.012
VT,2022Q1,2274.0,1126.0,3400.0,0.3311764705882353,66.76923076923077,0.0,0.0,8.384615384615385,1.0,0.0,0,0,2022Q1,3.012
VT,2023Q1,6945.0,3043.0,9988.0,0.3046655987184621,69.46153846153847,0.0,0.0,6.923076923076923,0.23076923076923078,0.0,1,0,2023Q1,3.012
VT,2023Q2,3918.0,1651.0,5569.0,0.2964625606033399,64.92307692307692,0.0,0.0,7.538461538461538,0.0,0.0,1,0,2023Q2,3.012
VT,2023Q4,4390.0,1792.0,6182.0,0.2898738272403753,60.785714285714285,0.0,0.0,7.5,0.07142857142857142,0.0,1,0,2023Q4,3.012
VT,2024Q2,5972.0,2150.0,8122.0,0.264713124846097,72.38461538461539,0.0,0.0,9.307692307692308,0.0,0.0,1,1,2024Q2,3.012
VT,2024Q3,6546.0,2292.0,8838.0,0.2593346911065852,61.53846153846154,0.0,0.0,8.076923076923077,0.0,0.0,1,1,2024Q3,3.012
VT,2024Q4,7408.0,2497.0,9905.0,0.2520949015648662,75.38461538461539,0.0,0.0,7.846153846153846,0.0,0.0,1,1,2024Q4,3.012
VT,2025Q1,8107.0,2640.0,10747.0,0.2456499488229273,75.38461538461539,0.0,0.0,7.846153846153846,0.0,0.0,1,1,2025Q1,3.012
VT,2025Q2,8648.0,2700.0,11348.0,0.2379273880860063,75.38461538461539,0.0,0.0,7.846153846153846,0.0,0.0,1,1,2025Q2,3.012
VT,2025Q3,9073.0,2718.0,11791.0,0.2305147994232889,75.38461538461539,0.0,0.0,7.846153846153846,0.0,0.0,1,1,2025Q3,3.012
VT,2025Q4,9685.0,2806.0,12491.0,0.2246417420542791,75.38461538461539,0.0,0.0,7.846153846153846,0.0,0.0,1,1,2025Q4,3.012
